timestamp,cinema,mTitle,mTime,mURL,mPosterURL
2022-05-27 14:52:00.936398,Cinesphere,Everything Everywhere All At Once: The IMAX Experience,2022-05-27 19:30:00,https://ontarioplace.com/en/event/everything-everywhere-all-at-once/2022-05-27/,https://ontarioplace.com/wp-content/uploads/2022/05/EEAA005DOM_Social_27x40_ENG_V1_R1.png
2022-05-27 14:52:00.942053,Cinesphere,Everything Everywhere All At Once: The IMAX Experience,2022-05-28 19:30:00,https://ontarioplace.com/en/event/everything-everywhere-all-at-once/2022-05-27/,https://ontarioplace.com/wp-content/uploads/2022/05/EEAA005DOM_Social_27x40_ENG_V1_R1.png
2022-05-27 14:52:00.945840,Cinesphere,Closer,2022-05-29 16:00:00,https://ontarioplace.com/en/event/closer/,https://ontarioplace.com/wp-content/uploads/2022/05/closer-movie-poster.jpg
2022-05-27 14:52:00.949306,Cinesphere,A Star is Born: The IMAX Experience,2022-06-03 19:30:00,https://ontarioplace.com/en/event/a-star-is-born-the-imax-experience/2022-06-03/,https://ontarioplace.com/wp-content/uploads/2020/03/AStarIsBorn_DOM_EXL_Poster_600x899-1.jpg
2022-05-27 14:52:00.952922,Cinesphere,Ready Player One: The IMAX Experience,2022-06-04 19:30:00,https://ontarioplace.com/en/event/ready-player-one-the-imax-experience/,https://ontarioplace.com/wp-content/uploads/2022/05/RPO_Orlando-Arocena_IMAX_Art_Online_DOM_March29_Sm.jpg
2022-05-27 14:52:00.956610,Cinesphere,Rear Window,2022-06-05 16:00:00,https://ontarioplace.com/en/event/rear-window/,https://ontarioplace.com/wp-content/uploads/2022/05/Rear-window-poster.jpg
2022-05-27 14:52:00.960015,Cinesphere,Shoplifters,2022-06-10 19:30:00,https://ontarioplace.com/en/event/shoplifters/,https://ontarioplace.com/wp-content/uploads/2022/05/Shoplifters-poster-scaled.jpg
2022-05-27 14:52:00.963498,Cinesphere,Judas and the Black Messiah,2022-06-11 19:30:00,https://ontarioplace.com/en/event/judas-and-the-black-messiah/,https://ontarioplace.com/wp-content/uploads/2022/05/Judas-and-the-Black-Messiah-poster-scaled.jpg
2022-05-31 08:13:51.461517,Cinesphere Theater,Closer,2022-05-29 16:00:00,https://ontarioplace.com/en/event/closer/,https://ontarioplace.com/wp-content/uploads/2022/05/closer-movie-poster.jpg
2022-05-31 08:13:51.468371,Cinesphere Theater,A Star is Born: The IMAX Experience,2022-06-03 19:30:00,https://ontarioplace.com/en/event/a-star-is-born-the-imax-experience/2022-06-03/,https://ontarioplace.com/wp-content/uploads/2020/03/AStarIsBorn_DOM_EXL_Poster_600x899-1.jpg
2022-05-31 08:13:51.472094,Cinesphere Theater,Ready Player One: The IMAX Experience,2022-06-04 19:30:00,https://ontarioplace.com/en/event/ready-player-one-the-imax-experience/,https://ontarioplace.com/wp-content/uploads/2022/05/RPO_Orlando-Arocena_IMAX_Art_Online_DOM_March29_Sm.jpg
2022-05-31 08:13:51.475688,Cinesphere Theater,Rear Window,2022-06-05 16:00:00,https://ontarioplace.com/en/event/rear-window/,https://ontarioplace.com/wp-content/uploads/2022/05/Rear-window-poster.jpg
2022-05-31 08:13:51.479310,Cinesphere Theater,Shoplifters,2022-06-10 19:30:00,https://ontarioplace.com/en/event/shoplifters/,https://ontarioplace.com/wp-content/uploads/2022/05/Shoplifters-poster-scaled.jpg
2022-05-31 08:13:51.482884,Cinesphere Theater,Judas and the Black Messiah,2022-06-11 19:30:00,https://ontarioplace.com/en/event/judas-and-the-black-messiah/,https://ontarioplace.com/wp-content/uploads/2022/05/Judas-and-the-Black-Messiah-poster-scaled.jpg
2022-06-01 21:22:33.662831,Cinesphere Theater,A Star is Born: The IMAX Experience,2022-06-03 19:30:00,https://ontarioplace.com/en/event/a-star-is-born-the-imax-experience/2022-06-03/,https://ontarioplace.com/wp-content/uploads/2020/03/AStarIsBorn_DOM_EXL_Poster_600x899-1.jpg
2022-06-01 21:22:33.671900,Cinesphere Theater,Ready Player One: The IMAX Experience,2022-06-04 19:30:00,https://ontarioplace.com/en/event/ready-player-one-the-imax-experience/,https://ontarioplace.com/wp-content/uploads/2022/05/RPO_Orlando-Arocena_IMAX_Art_Online_DOM_March29_Sm.jpg
2022-06-01 21:22:33.677582,Cinesphere Theater,Rear Window,2022-06-05 16:00:00,https://ontarioplace.com/en/event/rear-window/,https://ontarioplace.com/wp-content/uploads/2022/05/Rear-window-poster.jpg
2022-06-01 21:22:33.682418,Cinesphere Theater,Shoplifters,2022-06-10 19:30:00,https://ontarioplace.com/en/event/shoplifters/,https://ontarioplace.com/wp-content/uploads/2022/05/Shoplifters-poster-scaled.jpg
2022-06-01 21:22:33.686042,Cinesphere Theater,Judas and the Black Messiah,2022-06-11 19:30:00,https://ontarioplace.com/en/event/judas-and-the-black-messiah/,https://ontarioplace.com/wp-content/uploads/2022/05/Judas-and-the-Black-Messiah-poster-scaled.jpg
2022-06-01 21:42:05.584425,Cinesphere Theater,A Star is Born: The IMAX Experience,2022-06-03 19:30:00,https://ontarioplace.com/en/event/a-star-is-born-the-imax-experience/2022-06-03/,https://ontarioplace.com/wp-content/uploads/2020/03/AStarIsBorn_DOM_EXL_Poster_600x899-1.jpg
2022-06-01 21:42:05.589089,Cinesphere Theater,Ready Player One: The IMAX Experience,2022-06-04 19:30:00,https://ontarioplace.com/en/event/ready-player-one-the-imax-experience/,https://ontarioplace.com/wp-content/uploads/2022/05/RPO_Orlando-Arocena_IMAX_Art_Online_DOM_March29_Sm.jpg
2022-06-01 21:42:05.592927,Cinesphere Theater,Rear Window,2022-06-05 16:00:00,https://ontarioplace.com/en/event/rear-window/,https://ontarioplace.com/wp-content/uploads/2022/05/Rear-window-poster.jpg
2022-06-01 21:42:05.596742,Cinesphere Theater,Shoplifters,2022-06-10 19:30:00,https://ontarioplace.com/en/event/shoplifters/,https://ontarioplace.com/wp-content/uploads/2022/05/Shoplifters-poster-scaled.jpg
2022-06-01 21:42:05.600269,Cinesphere Theater,Judas and the Black Messiah,2022-06-11 19:30:00,https://ontarioplace.com/en/event/judas-and-the-black-messiah/,https://ontarioplace.com/wp-content/uploads/2022/05/Judas-and-the-Black-Messiah-poster-scaled.jpg
2022-06-01 21:44:49.316238,Tiff Bell Lightbox,Benediction,2022-06-01 13:00:00,https://www.tiff.net/calendar/events/benediction,//images.ctfassets.net/22n7d68fswlw/4yIbFDymJzj6ODSQoN4gAs/69801d1c8cbde5db9a2e17d3152b568b/benediction_still_01.jpg?w=400
2022-06-01 21:44:49.320439,Tiff Bell Lightbox,Benediction,2022-06-01 14:30:00,https://www.tiff.net/calendar/events/benediction,//images.ctfassets.net/22n7d68fswlw/4yIbFDymJzj6ODSQoN4gAs/69801d1c8cbde5db9a2e17d3152b568b/benediction_still_01.jpg?w=400
2022-06-01 21:44:49.323188,Tiff Bell Lightbox,Benediction,2022-06-01 16:00:00,https://www.tiff.net/calendar/events/benediction,//images.ctfassets.net/22n7d68fswlw/4yIbFDymJzj6ODSQoN4gAs/69801d1c8cbde5db9a2e17d3152b568b/benediction_still_01.jpg?w=400
2022-06-01 21:44:49.326050,Tiff Bell Lightbox,Benediction,2022-06-01 19:30:00,https://www.tiff.net/calendar/events/benediction,//images.ctfassets.net/22n7d68fswlw/4yIbFDymJzj6ODSQoN4gAs/69801d1c8cbde5db9a2e17d3152b568b/benediction_still_01.jpg?w=400
2022-06-01 21:44:49.329715,Tiff Bell Lightbox,Deep Focus: Reframing Documentary Interviews with Chase Joynt,2022-06-01 18:00:00,https://www.tiff.net/calendar/events/deep-focus-reframing-documentary-interviews-with-chase-joynt,//images.ctfassets.net/22n7d68fswlw/UCrNFPpQ6AIjy0voExbhA/97c613f90da116aa02bcbb293e4ab07d/645649351_DeepFocus_exploration2_1200x600_2.jpg?w=400
2022-06-01 21:44:49.336106,Tiff Bell Lightbox,In Front of Your Face,2022-06-01 13:15:00,https://www.tiff.net/calendar/events/in-front-of-your-face,//images.ctfassets.net/22n7d68fswlw/5tI2Jo7bwnsfI6anYEkgBT/f65c5558431d3b05c4905b24f0b42d9b/infrontofyourface_01.jpg?w=400
2022-06-01 21:44:49.339349,Tiff Bell Lightbox,In Front of Your Face,2022-06-01 18:30:00,https://www.tiff.net/calendar/events/in-front-of-your-face,//images.ctfassets.net/22n7d68fswlw/5tI2Jo7bwnsfI6anYEkgBT/f65c5558431d3b05c4905b24f0b42d9b/infrontofyourface_01.jpg?w=400
2022-06-01 21:44:49.342259,Tiff Bell Lightbox,In Front of Your Face,2022-06-01 22:00:00,https://www.tiff.net/calendar/events/in-front-of-your-face,//images.ctfassets.net/22n7d68fswlw/5tI2Jo7bwnsfI6anYEkgBT/f65c5558431d3b05c4905b24f0b42d9b/infrontofyourface_01.jpg?w=400
2022-06-01 21:44:49.345643,Tiff Bell Lightbox,Memoria,2022-06-01 12:45:00,https://www.tiff.net/calendar/events/memoria,//images.ctfassets.net/22n7d68fswlw/6UcvQM1j61ZXgFtpK7FqQe/e9ddae37d9f68887190be0f2ce6ba2d9/memoria_01.jpg?w=400
2022-06-01 21:44:49.348493,Tiff Bell Lightbox,Memoria,2022-06-01 15:45:00,https://www.tiff.net/calendar/events/memoria,//images.ctfassets.net/22n7d68fswlw/6UcvQM1j61ZXgFtpK7FqQe/e9ddae37d9f68887190be0f2ce6ba2d9/memoria_01.jpg?w=400
2022-06-01 21:44:49.351229,Tiff Bell Lightbox,Memoria,2022-06-01 19:00:00,https://www.tiff.net/calendar/events/memoria,//images.ctfassets.net/22n7d68fswlw/6UcvQM1j61ZXgFtpK7FqQe/e9ddae37d9f68887190be0f2ce6ba2d9/memoria_01.jpg?w=400
2022-06-01 21:44:49.354530,Tiff Bell Lightbox,Petite Maman,2022-06-01 12:30:00,https://www.tiff.net/calendar/events/petite-maman,//images.ctfassets.net/22n7d68fswlw/4w1YoGFyYyuwnjAR1lZiLk/ad4cbe763edf6716ee60f3fe1e838188/petite_maman_-_high_res_01.jpg?w=400
2022-06-01 21:44:49.357377,Tiff Bell Lightbox,Petite Maman,2022-06-01 21:45:00,https://www.tiff.net/calendar/events/petite-maman,//images.ctfassets.net/22n7d68fswlw/4w1YoGFyYyuwnjAR1lZiLk/ad4cbe763edf6716ee60f3fe1e838188/petite_maman_-_high_res_01.jpg?w=400
2022-06-01 21:44:49.360702,Tiff Bell Lightbox,Pleasure,2022-06-01 15:30:00,https://www.tiff.net/calendar/events/pleasure,//images.ctfassets.net/22n7d68fswlw/68hDCFJE7UQowKZ5lvRpLa/1f86df43b5f441276d598f0d30a795e0/sRGB_A080C004_180919-not_lut_1.1.1_v3.jpg?w=400
2022-06-01 21:44:49.363528,Tiff Bell Lightbox,Pleasure,2022-06-01 20:45:00,https://www.tiff.net/calendar/events/pleasure,//images.ctfassets.net/22n7d68fswlw/68hDCFJE7UQowKZ5lvRpLa/1f86df43b5f441276d598f0d30a795e0/sRGB_A080C004_180919-not_lut_1.1.1_v3.jpg?w=400
2022-06-01 21:44:49.367765,Tiff Bell Lightbox,Benediction,2022-06-02 12:45:00,https://www.tiff.net/calendar/events/benediction,//images.ctfassets.net/22n7d68fswlw/4yIbFDymJzj6ODSQoN4gAs/69801d1c8cbde5db9a2e17d3152b568b/benediction_still_01.jpg?w=400
2022-06-01 21:44:49.370649,Tiff Bell Lightbox,Benediction,2022-06-02 15:45:00,https://www.tiff.net/calendar/events/benediction,//images.ctfassets.net/22n7d68fswlw/4yIbFDymJzj6ODSQoN4gAs/69801d1c8cbde5db9a2e17d3152b568b/benediction_still_01.jpg?w=400
2022-06-01 21:44:49.373407,Tiff Bell Lightbox,Benediction,2022-06-02 19:00:00,https://www.tiff.net/calendar/events/benediction,//images.ctfassets.net/22n7d68fswlw/4yIbFDymJzj6ODSQoN4gAs/69801d1c8cbde5db9a2e17d3152b568b/benediction_still_01.jpg?w=400
2022-06-01 21:44:49.376975,Tiff Bell Lightbox,Benediction,2022-06-02 22:00:00,https://www.tiff.net/calendar/events/benediction,//images.ctfassets.net/22n7d68fswlw/4yIbFDymJzj6ODSQoN4gAs/69801d1c8cbde5db9a2e17d3152b568b/benediction_still_01.jpg?w=400
2022-06-01 21:44:49.380834,Tiff Bell Lightbox,Ghost Dog: The Way of the Samurai,2022-06-02 18:15:00,https://www.tiff.net/calendar/events/ghost-dog-the-way-of-the-samurai,//images.ctfassets.net/22n7d68fswlw/5ALGKmBy6PYwIc3XUSFUNO/454118931e32fcf898e65034c28691bd/ghostdog_01.jpg?w=400
2022-06-01 21:44:49.384552,Tiff Bell Lightbox,In Front of Your Face,2022-06-02 13:15:00,https://www.tiff.net/calendar/events/in-front-of-your-face,//images.ctfassets.net/22n7d68fswlw/5tI2Jo7bwnsfI6anYEkgBT/f65c5558431d3b05c4905b24f0b42d9b/infrontofyourface_01.jpg?w=400
2022-06-01 21:44:49.387503,Tiff Bell Lightbox,In Front of Your Face,2022-06-02 18:30:00,https://www.tiff.net/calendar/events/in-front-of-your-face,//images.ctfassets.net/22n7d68fswlw/5tI2Jo7bwnsfI6anYEkgBT/f65c5558431d3b05c4905b24f0b42d9b/infrontofyourface_01.jpg?w=400
2022-06-01 21:44:49.390411,Tiff Bell Lightbox,In Front of Your Face,2022-06-02 22:05:00,https://www.tiff.net/calendar/events/in-front-of-your-face,//images.ctfassets.net/22n7d68fswlw/5tI2Jo7bwnsfI6anYEkgBT/f65c5558431d3b05c4905b24f0b42d9b/infrontofyourface_01.jpg?w=400
2022-06-01 21:44:49.394079,Tiff Bell Lightbox,Memoria,2022-06-02 13:00:00,https://www.tiff.net/calendar/events/memoria,//images.ctfassets.net/22n7d68fswlw/6UcvQM1j61ZXgFtpK7FqQe/e9ddae37d9f68887190be0f2ce6ba2d9/memoria_01.jpg?w=400
2022-06-01 21:44:49.397077,Tiff Bell Lightbox,Memoria,2022-06-02 14:30:00,https://www.tiff.net/calendar/events/memoria,//images.ctfassets.net/22n7d68fswlw/6UcvQM1j61ZXgFtpK7FqQe/e9ddae37d9f68887190be0f2ce6ba2d9/memoria_01.jpg?w=400
2022-06-01 21:44:49.399958,Tiff Bell Lightbox,Memoria,2022-06-02 16:15:00,https://www.tiff.net/calendar/events/memoria,//images.ctfassets.net/22n7d68fswlw/6UcvQM1j61ZXgFtpK7FqQe/e9ddae37d9f68887190be0f2ce6ba2d9/memoria_01.jpg?w=400
2022-06-01 21:44:49.402651,Tiff Bell Lightbox,Memoria,2022-06-02 19:15:00,https://www.tiff.net/calendar/events/memoria,//images.ctfassets.net/22n7d68fswlw/6UcvQM1j61ZXgFtpK7FqQe/e9ddae37d9f68887190be0f2ce6ba2d9/memoria_01.jpg?w=400
2022-06-01 21:44:49.405899,Tiff Bell Lightbox,Petite Maman,2022-06-02 12:30:00,https://www.tiff.net/calendar/events/petite-maman,//images.ctfassets.net/22n7d68fswlw/4w1YoGFyYyuwnjAR1lZiLk/ad4cbe763edf6716ee60f3fe1e838188/petite_maman_-_high_res_01.jpg?w=400
2022-06-01 21:44:49.409355,Tiff Bell Lightbox,Pleasure,2022-06-02 15:30:00,https://www.tiff.net/calendar/events/pleasure,//images.ctfassets.net/22n7d68fswlw/68hDCFJE7UQowKZ5lvRpLa/1f86df43b5f441276d598f0d30a795e0/sRGB_A080C004_180919-not_lut_1.1.1_v3.jpg?w=400
2022-06-01 21:44:49.412164,Tiff Bell Lightbox,Pleasure,2022-06-02 20:45:00,https://www.tiff.net/calendar/events/pleasure,//images.ctfassets.net/22n7d68fswlw/68hDCFJE7UQowKZ5lvRpLa/1f86df43b5f441276d598f0d30a795e0/sRGB_A080C004_180919-not_lut_1.1.1_v3.jpg?w=400
2022-06-01 21:44:49.414876,Tiff Bell Lightbox,Pleasure,2022-06-02 22:15:00,https://www.tiff.net/calendar/events/pleasure,//images.ctfassets.net/22n7d68fswlw/68hDCFJE7UQowKZ5lvRpLa/1f86df43b5f441276d598f0d30a795e0/sRGB_A080C004_180919-not_lut_1.1.1_v3.jpg?w=400
2022-06-01 21:44:49.418914,Tiff Bell Lightbox,Benediction,2022-06-03 13:00:00,https://www.tiff.net/calendar/events/benediction,//images.ctfassets.net/22n7d68fswlw/4yIbFDymJzj6ODSQoN4gAs/69801d1c8cbde5db9a2e17d3152b568b/benediction_still_01.jpg?w=400
2022-06-01 21:44:49.421736,Tiff Bell Lightbox,Benediction,2022-06-03 14:30:00,https://www.tiff.net/calendar/events/benediction,//images.ctfassets.net/22n7d68fswlw/4yIbFDymJzj6ODSQoN4gAs/69801d1c8cbde5db9a2e17d3152b568b/benediction_still_01.jpg?w=400
2022-06-01 21:44:49.424476,Tiff Bell Lightbox,Benediction,2022-06-03 20:30:00,https://www.tiff.net/calendar/events/benediction,//images.ctfassets.net/22n7d68fswlw/4yIbFDymJzj6ODSQoN4gAs/69801d1c8cbde5db9a2e17d3152b568b/benediction_still_01.jpg?w=400
2022-06-01 21:44:49.428531,Tiff Bell Lightbox,Crimes of the Future,2022-06-03 12:30:00,https://www.tiff.net/calendar/events/crimes-of-the-future,//images.ctfassets.net/22n7d68fswlw/569ZxuN4Z5XiyVZx8lGIAf/fb9dda015788578ef0f02a687eb71c8b/Crimes-of-the-Future-536.jpg?w=400
2022-06-01 21:44:49.432120,Tiff Bell Lightbox,Crimes of the Future,2022-06-03 15:00:00,https://www.tiff.net/calendar/events/crimes-of-the-future,//images.ctfassets.net/22n7d68fswlw/569ZxuN4Z5XiyVZx8lGIAf/fb9dda015788578ef0f02a687eb71c8b/Crimes-of-the-Future-536.jpg?w=400
2022-06-01 21:44:49.435563,Tiff Bell Lightbox,Crimes of the Future,2022-06-03 17:00:00,https://www.tiff.net/calendar/events/crimes-of-the-future,//images.ctfassets.net/22n7d68fswlw/569ZxuN4Z5XiyVZx8lGIAf/fb9dda015788578ef0f02a687eb71c8b/Crimes-of-the-Future-536.jpg?w=400
2022-06-01 21:44:49.438368,Tiff Bell Lightbox,Crimes of the Future,2022-06-03 19:30:00,https://www.tiff.net/calendar/events/crimes-of-the-future,//images.ctfassets.net/22n7d68fswlw/569ZxuN4Z5XiyVZx8lGIAf/fb9dda015788578ef0f02a687eb71c8b/Crimes-of-the-Future-536.jpg?w=400
2022-06-01 21:44:49.441126,Tiff Bell Lightbox,Crimes of the Future,2022-06-03 21:30:00,https://www.tiff.net/calendar/events/crimes-of-the-future,//images.ctfassets.net/22n7d68fswlw/569ZxuN4Z5XiyVZx8lGIAf/fb9dda015788578ef0f02a687eb71c8b/Crimes-of-the-Future-536.jpg?w=400
2022-06-01 21:44:49.444469,Tiff Bell Lightbox,Love Letter,2022-06-03 18:15:00,https://www.tiff.net/calendar/events/love-letter,//images.ctfassets.net/22n7d68fswlw/4xBcUCjGQA3YBGP9BrRi7l/1650199b4ee198b432b38dcfa2ac6f87/loveletter_01.jpg?w=400
2022-06-01 21:44:49.448152,Tiff Bell Lightbox,Memoria,2022-06-03 12:45:00,https://www.tiff.net/calendar/events/memoria,//images.ctfassets.net/22n7d68fswlw/6UcvQM1j61ZXgFtpK7FqQe/e9ddae37d9f68887190be0f2ce6ba2d9/memoria_01.jpg?w=400
2022-06-01 21:44:49.451014,Tiff Bell Lightbox,Memoria,2022-06-03 15:45:00,https://www.tiff.net/calendar/events/memoria,//images.ctfassets.net/22n7d68fswlw/6UcvQM1j61ZXgFtpK7FqQe/e9ddae37d9f68887190be0f2ce6ba2d9/memoria_01.jpg?w=400
2022-06-01 21:44:49.453754,Tiff Bell Lightbox,Memoria,2022-06-03 19:00:00,https://www.tiff.net/calendar/events/memoria,//images.ctfassets.net/22n7d68fswlw/6UcvQM1j61ZXgFtpK7FqQe/e9ddae37d9f68887190be0f2ce6ba2d9/memoria_01.jpg?w=400
2022-06-01 21:44:49.456484,Tiff Bell Lightbox,Memoria,2022-06-03 22:00:00,https://www.tiff.net/calendar/events/memoria,//images.ctfassets.net/22n7d68fswlw/6UcvQM1j61ZXgFtpK7FqQe/e9ddae37d9f68887190be0f2ce6ba2d9/memoria_01.jpg?w=400
2022-06-01 21:44:49.460533,Tiff Bell Lightbox,Benediction,2022-06-04 13:00:00,https://www.tiff.net/calendar/events/benediction,//images.ctfassets.net/22n7d68fswlw/4yIbFDymJzj6ODSQoN4gAs/69801d1c8cbde5db9a2e17d3152b568b/benediction_still_01.jpg?w=400
2022-06-01 21:44:49.463543,Tiff Bell Lightbox,Benediction,2022-06-04 16:00:00,https://www.tiff.net/calendar/events/benediction,//images.ctfassets.net/22n7d68fswlw/4yIbFDymJzj6ODSQoN4gAs/69801d1c8cbde5db9a2e17d3152b568b/benediction_still_01.jpg?w=400
2022-06-01 21:44:49.466284,Tiff Bell Lightbox,Benediction,2022-06-04 19:20:00,https://www.tiff.net/calendar/events/benediction,//images.ctfassets.net/22n7d68fswlw/4yIbFDymJzj6ODSQoN4gAs/69801d1c8cbde5db9a2e17d3152b568b/benediction_still_01.jpg?w=400
2022-06-01 21:44:49.469783,Tiff Bell Lightbox,Crimes of the Future,2022-06-04 12:00:00,https://www.tiff.net/calendar/events/crimes-of-the-future,//images.ctfassets.net/22n7d68fswlw/569ZxuN4Z5XiyVZx8lGIAf/fb9dda015788578ef0f02a687eb71c8b/Crimes-of-the-Future-536.jpg?w=400
2022-06-01 21:44:49.472621,Tiff Bell Lightbox,Crimes of the Future,2022-06-04 14:30:00,https://www.tiff.net/calendar/events/crimes-of-the-future,//images.ctfassets.net/22n7d68fswlw/569ZxuN4Z5XiyVZx8lGIAf/fb9dda015788578ef0f02a687eb71c8b/Crimes-of-the-Future-536.jpg?w=400
2022-06-01 21:44:49.475450,Tiff Bell Lightbox,Crimes of the Future,2022-06-04 17:00:00,https://www.tiff.net/calendar/events/crimes-of-the-future,//images.ctfassets.net/22n7d68fswlw/569ZxuN4Z5XiyVZx8lGIAf/fb9dda015788578ef0f02a687eb71c8b/Crimes-of-the-Future-536.jpg?w=400
2022-06-01 21:44:49.478182,Tiff Bell Lightbox,Crimes of the Future,2022-06-04 19:30:00,https://www.tiff.net/calendar/events/crimes-of-the-future,//images.ctfassets.net/22n7d68fswlw/569ZxuN4Z5XiyVZx8lGIAf/fb9dda015788578ef0f02a687eb71c8b/Crimes-of-the-Future-536.jpg?w=400
2022-06-01 21:44:49.480905,Tiff Bell Lightbox,Crimes of the Future,2022-06-04 22:00:00,https://www.tiff.net/calendar/events/crimes-of-the-future,//images.ctfassets.net/22n7d68fswlw/569ZxuN4Z5XiyVZx8lGIAf/fb9dda015788578ef0f02a687eb71c8b/Crimes-of-the-Future-536.jpg?w=400
2022-06-01 21:44:49.484113,Tiff Bell Lightbox,Kindergarten Cop,2022-06-04 13:30:00,https://www.tiff.net/calendar/events/kindergarten-cop,//images.ctfassets.net/22n7d68fswlw/vByeJ93IA8OnH3c11JSFZ/90a89bc7f2cc621b3ffcc2be465d5132/kindergartencop_01.jpg?w=400
2022-06-01 21:44:49.487511,Tiff Bell Lightbox,Memoria,2022-06-04 12:45:00,https://www.tiff.net/calendar/events/memoria,//images.ctfassets.net/22n7d68fswlw/6UcvQM1j61ZXgFtpK7FqQe/e9ddae37d9f68887190be0f2ce6ba2d9/memoria_01.jpg?w=400
2022-06-01 21:44:49.490279,Tiff Bell Lightbox,Memoria,2022-06-04 15:45:00,https://www.tiff.net/calendar/events/memoria,//images.ctfassets.net/22n7d68fswlw/6UcvQM1j61ZXgFtpK7FqQe/e9ddae37d9f68887190be0f2ce6ba2d9/memoria_01.jpg?w=400
2022-06-01 21:44:49.493001,Tiff Bell Lightbox,Memoria,2022-06-04 19:00:00,https://www.tiff.net/calendar/events/memoria,//images.ctfassets.net/22n7d68fswlw/6UcvQM1j61ZXgFtpK7FqQe/e9ddae37d9f68887190be0f2ce6ba2d9/memoria_01.jpg?w=400
2022-06-01 21:44:49.495685,Tiff Bell Lightbox,Memoria,2022-06-04 21:50:00,https://www.tiff.net/calendar/events/memoria,//images.ctfassets.net/22n7d68fswlw/6UcvQM1j61ZXgFtpK7FqQe/e9ddae37d9f68887190be0f2ce6ba2d9/memoria_01.jpg?w=400
2022-06-01 21:44:49.498840,Tiff Bell Lightbox,Where Is the Friend’s House?,2022-06-04 19:30:00,https://www.tiff.net/calendar/events/where-is-the-friends-house,//images.ctfassets.net/22n7d68fswlw/KUeBUm8WElhCywoUm8Wyk/8ef47959026dadb8261fb69ffb935257/whereisthefriendshouse_01.jpg?w=400
2022-06-01 21:44:49.503008,Tiff Bell Lightbox,Benediction,2022-06-05 13:05:00,https://www.tiff.net/calendar/events/benediction,//images.ctfassets.net/22n7d68fswlw/4yIbFDymJzj6ODSQoN4gAs/69801d1c8cbde5db9a2e17d3152b568b/benediction_still_01.jpg?w=400
2022-06-01 21:44:49.505842,Tiff Bell Lightbox,Benediction,2022-06-05 16:15:00,https://www.tiff.net/calendar/events/benediction,//images.ctfassets.net/22n7d68fswlw/4yIbFDymJzj6ODSQoN4gAs/69801d1c8cbde5db9a2e17d3152b568b/benediction_still_01.jpg?w=400
2022-06-01 21:44:49.508597,Tiff Bell Lightbox,Benediction,2022-06-05 19:15:00,https://www.tiff.net/calendar/events/benediction,//images.ctfassets.net/22n7d68fswlw/4yIbFDymJzj6ODSQoN4gAs/69801d1c8cbde5db9a2e17d3152b568b/benediction_still_01.jpg?w=400
2022-06-01 21:44:49.511275,Tiff Bell Lightbox,Benediction,2022-06-05 20:45:00,https://www.tiff.net/calendar/events/benediction,//images.ctfassets.net/22n7d68fswlw/4yIbFDymJzj6ODSQoN4gAs/69801d1c8cbde5db9a2e17d3152b568b/benediction_still_01.jpg?w=400
2022-06-01 21:44:49.514633,Tiff Bell Lightbox,Crimes of the Future,2022-06-05 13:00:00,https://www.tiff.net/calendar/events/crimes-of-the-future,//images.ctfassets.net/22n7d68fswlw/569ZxuN4Z5XiyVZx8lGIAf/fb9dda015788578ef0f02a687eb71c8b/Crimes-of-the-Future-536.jpg?w=400
2022-06-01 21:44:49.518112,Tiff Bell Lightbox,Crimes of the Future,2022-06-05 15:30:00,https://www.tiff.net/calendar/events/crimes-of-the-future,//images.ctfassets.net/22n7d68fswlw/569ZxuN4Z5XiyVZx8lGIAf/fb9dda015788578ef0f02a687eb71c8b/Crimes-of-the-Future-536.jpg?w=400
2022-06-01 21:44:49.521090,Tiff Bell Lightbox,Crimes of the Future,2022-06-05 19:00:00,https://www.tiff.net/calendar/events/crimes-of-the-future,//images.ctfassets.net/22n7d68fswlw/569ZxuN4Z5XiyVZx8lGIAf/fb9dda015788578ef0f02a687eb71c8b/Crimes-of-the-Future-536.jpg?w=400
2022-06-01 21:44:49.525250,Tiff Bell Lightbox,Crimes of the Future,2022-06-05 21:30:00,https://www.tiff.net/calendar/events/crimes-of-the-future,//images.ctfassets.net/22n7d68fswlw/569ZxuN4Z5XiyVZx8lGIAf/fb9dda015788578ef0f02a687eb71c8b/Crimes-of-the-Future-536.jpg?w=400
2022-06-01 21:44:49.529707,Tiff Bell Lightbox,Infinite Points On A Circle,2022-06-05 19:30:00,https://www.tiff.net/calendar/events/infinite-points-on-a-circle,//images.ctfassets.net/22n7d68fswlw/7BIQY5LOLmyIdNbecNbPoB/a7ea696514f4a513dadc0d10fcbb4afa/woman-dress.jpg?w=400
2022-06-01 21:44:49.534326,Tiff Bell Lightbox,Memoria,2022-06-05 12:45:00,https://www.tiff.net/calendar/events/memoria,//images.ctfassets.net/22n7d68fswlw/6UcvQM1j61ZXgFtpK7FqQe/e9ddae37d9f68887190be0f2ce6ba2d9/memoria_01.jpg?w=400
2022-06-01 21:44:49.537991,Tiff Bell Lightbox,Memoria,2022-06-05 15:45:00,https://www.tiff.net/calendar/events/memoria,//images.ctfassets.net/22n7d68fswlw/6UcvQM1j61ZXgFtpK7FqQe/e9ddae37d9f68887190be0f2ce6ba2d9/memoria_01.jpg?w=400
2022-06-01 21:44:49.541578,Tiff Bell Lightbox,Memoria,2022-06-05 17:30:00,https://www.tiff.net/calendar/events/memoria,//images.ctfassets.net/22n7d68fswlw/6UcvQM1j61ZXgFtpK7FqQe/e9ddae37d9f68887190be0f2ce6ba2d9/memoria_01.jpg?w=400
2022-06-01 21:44:49.545465,Tiff Bell Lightbox,Memoria,2022-06-05 19:35:00,https://www.tiff.net/calendar/events/memoria,//images.ctfassets.net/22n7d68fswlw/6UcvQM1j61ZXgFtpK7FqQe/e9ddae37d9f68887190be0f2ce6ba2d9/memoria_01.jpg?w=400
2022-06-01 21:44:49.549551,Tiff Bell Lightbox,The Moon has Risen,2022-06-05 13:30:00,https://www.tiff.net/calendar/events/the-moon-has-risen,//images.ctfassets.net/22n7d68fswlw/5YXhr2ow5uzyhkklhjaQii/399dc3116d321b50aa0f459048b755cc/moonhasrisen_01.jpg?w=400
2022-06-01 21:44:49.553898,Tiff Bell Lightbox,Benediction,2022-06-07 18:30:00,https://www.tiff.net/calendar/events/benediction,//images.ctfassets.net/22n7d68fswlw/4yIbFDymJzj6ODSQoN4gAs/69801d1c8cbde5db9a2e17d3152b568b/benediction_still_01.jpg?w=400
2022-06-01 21:44:49.557966,Tiff Bell Lightbox,Crimes of the Future,2022-06-07 19:30:00,https://www.tiff.net/calendar/events/crimes-of-the-future,//images.ctfassets.net/22n7d68fswlw/569ZxuN4Z5XiyVZx8lGIAf/fb9dda015788578ef0f02a687eb71c8b/Crimes-of-the-Future-536.jpg?w=400
2022-06-01 21:44:49.561981,Tiff Bell Lightbox,Memoria,2022-06-07 20:30:00,https://www.tiff.net/calendar/events/memoria,//images.ctfassets.net/22n7d68fswlw/6UcvQM1j61ZXgFtpK7FqQe/e9ddae37d9f68887190be0f2ce6ba2d9/memoria_01.jpg?w=400
2022-06-01 21:44:49.565860,Tiff Bell Lightbox,Mira Nair on The Namesake,2022-06-07 19:00:00,https://www.tiff.net/calendar/events/mira-nair-on-the-namesake,//images.ctfassets.net/22n7d68fswlw/8pxNEjaGp7rFaJjhXO3ln/268788c573f04c8fe9175b0e5019ee29/namesake_01.jpg?w=400
2022-06-01 21:44:49.570450,Tiff Bell Lightbox,Benediction,2022-06-08 15:50:00,https://www.tiff.net/calendar/events/benediction,//images.ctfassets.net/22n7d68fswlw/4yIbFDymJzj6ODSQoN4gAs/69801d1c8cbde5db9a2e17d3152b568b/benediction_still_01.jpg?w=400
2022-06-01 21:44:49.574498,Tiff Bell Lightbox,Benediction,2022-06-08 19:00:00,https://www.tiff.net/calendar/events/benediction,//images.ctfassets.net/22n7d68fswlw/4yIbFDymJzj6ODSQoN4gAs/69801d1c8cbde5db9a2e17d3152b568b/benediction_still_01.jpg?w=400
2022-06-01 21:44:49.580510,Tiff Bell Lightbox,Benediction,2022-06-08 21:30:00,https://www.tiff.net/calendar/events/benediction,//images.ctfassets.net/22n7d68fswlw/4yIbFDymJzj6ODSQoN4gAs/69801d1c8cbde5db9a2e17d3152b568b/benediction_still_01.jpg?w=400
2022-06-01 21:44:49.586172,Tiff Bell Lightbox,Crimes of the Future,2022-06-08 12:00:00,https://www.tiff.net/calendar/events/crimes-of-the-future,//images.ctfassets.net/22n7d68fswlw/569ZxuN4Z5XiyVZx8lGIAf/fb9dda015788578ef0f02a687eb71c8b/Crimes-of-the-Future-536.jpg?w=400
2022-06-01 21:44:49.592136,Tiff Bell Lightbox,Crimes of the Future,2022-06-08 14:30:00,https://www.tiff.net/calendar/events/crimes-of-the-future,//images.ctfassets.net/22n7d68fswlw/569ZxuN4Z5XiyVZx8lGIAf/fb9dda015788578ef0f02a687eb71c8b/Crimes-of-the-Future-536.jpg?w=400
2022-06-01 21:44:49.596122,Tiff Bell Lightbox,Crimes of the Future,2022-06-08 17:00:00,https://www.tiff.net/calendar/events/crimes-of-the-future,//images.ctfassets.net/22n7d68fswlw/569ZxuN4Z5XiyVZx8lGIAf/fb9dda015788578ef0f02a687eb71c8b/Crimes-of-the-Future-536.jpg?w=400
2022-06-01 21:44:49.599994,Tiff Bell Lightbox,Crimes of the Future,2022-06-08 19:30:00,https://www.tiff.net/calendar/events/crimes-of-the-future,//images.ctfassets.net/22n7d68fswlw/569ZxuN4Z5XiyVZx8lGIAf/fb9dda015788578ef0f02a687eb71c8b/Crimes-of-the-Future-536.jpg?w=400
2022-06-01 21:44:49.604618,Tiff Bell Lightbox,Crimes of the Future,2022-06-08 22:00:00,https://www.tiff.net/calendar/events/crimes-of-the-future,//images.ctfassets.net/22n7d68fswlw/569ZxuN4Z5XiyVZx8lGIAf/fb9dda015788578ef0f02a687eb71c8b/Crimes-of-the-Future-536.jpg?w=400
2022-06-01 21:44:49.611655,Tiff Bell Lightbox,Memoria,2022-06-08 12:50:00,https://www.tiff.net/calendar/events/memoria,//images.ctfassets.net/22n7d68fswlw/6UcvQM1j61ZXgFtpK7FqQe/e9ddae37d9f68887190be0f2ce6ba2d9/memoria_01.jpg?w=400
2022-06-01 21:44:49.617326,Tiff Bell Lightbox,Memoria,2022-06-08 18:30:00,https://www.tiff.net/calendar/events/memoria,//images.ctfassets.net/22n7d68fswlw/6UcvQM1j61ZXgFtpK7FqQe/e9ddae37d9f68887190be0f2ce6ba2d9/memoria_01.jpg?w=400
2022-06-01 21:44:49.622294,Tiff Bell Lightbox,Memoria,2022-06-08 20:00:00,https://www.tiff.net/calendar/events/memoria,//images.ctfassets.net/22n7d68fswlw/6UcvQM1j61ZXgFtpK7FqQe/e9ddae37d9f68887190be0f2ce6ba2d9/memoria_01.jpg?w=400
2022-06-01 21:44:49.630406,Tiff Bell Lightbox,Benediction,2022-06-09 13:30:00,https://www.tiff.net/calendar/events/benediction,//images.ctfassets.net/22n7d68fswlw/4yIbFDymJzj6ODSQoN4gAs/69801d1c8cbde5db9a2e17d3152b568b/benediction_still_01.jpg?w=400
2022-06-01 21:44:49.635118,Tiff Bell Lightbox,Benediction,2022-06-09 15:00:00,https://www.tiff.net/calendar/events/benediction,//images.ctfassets.net/22n7d68fswlw/4yIbFDymJzj6ODSQoN4gAs/69801d1c8cbde5db9a2e17d3152b568b/benediction_still_01.jpg?w=400
2022-06-01 21:44:49.639357,Tiff Bell Lightbox,Benediction,2022-06-09 18:30:00,https://www.tiff.net/calendar/events/benediction,//images.ctfassets.net/22n7d68fswlw/4yIbFDymJzj6ODSQoN4gAs/69801d1c8cbde5db9a2e17d3152b568b/benediction_still_01.jpg?w=400
2022-06-01 21:44:49.643709,Tiff Bell Lightbox,Benediction,2022-06-09 21:30:00,https://www.tiff.net/calendar/events/benediction,//images.ctfassets.net/22n7d68fswlw/4yIbFDymJzj6ODSQoN4gAs/69801d1c8cbde5db9a2e17d3152b568b/benediction_still_01.jpg?w=400
2022-06-01 21:44:49.650521,Tiff Bell Lightbox,"Carmen, Opening Gala Feature",2022-06-09 19:30:00,https://www.tiff.net/calendarhttps://www.femaleeyefilmfestival.com/,//images.ctfassets.net/22n7d68fswlw/7iQFPjkfx42VUBRCCXbirQ/44fd010029c8f86cbdf91363a8f0225f/FEFF_20th.jpg?w=400
2022-06-01 21:44:49.657364,Tiff Bell Lightbox,Crimes of the Future,2022-06-09 12:00:00,https://www.tiff.net/calendar/events/crimes-of-the-future,//images.ctfassets.net/22n7d68fswlw/569ZxuN4Z5XiyVZx8lGIAf/fb9dda015788578ef0f02a687eb71c8b/Crimes-of-the-Future-536.jpg?w=400
2022-06-01 21:44:49.661893,Tiff Bell Lightbox,Crimes of the Future,2022-06-09 14:30:00,https://www.tiff.net/calendar/events/crimes-of-the-future,//images.ctfassets.net/22n7d68fswlw/569ZxuN4Z5XiyVZx8lGIAf/fb9dda015788578ef0f02a687eb71c8b/Crimes-of-the-Future-536.jpg?w=400
2022-06-01 21:44:49.666244,Tiff Bell Lightbox,Crimes of the Future,2022-06-09 17:00:00,https://www.tiff.net/calendar/events/crimes-of-the-future,//images.ctfassets.net/22n7d68fswlw/569ZxuN4Z5XiyVZx8lGIAf/fb9dda015788578ef0f02a687eb71c8b/Crimes-of-the-Future-536.jpg?w=400
2022-06-01 21:44:49.670121,Tiff Bell Lightbox,Crimes of the Future,2022-06-09 19:30:00,https://www.tiff.net/calendar/events/crimes-of-the-future,//images.ctfassets.net/22n7d68fswlw/569ZxuN4Z5XiyVZx8lGIAf/fb9dda015788578ef0f02a687eb71c8b/Crimes-of-the-Future-536.jpg?w=400
2022-06-01 21:44:49.673004,Tiff Bell Lightbox,Crimes of the Future,2022-06-09 22:00:00,https://www.tiff.net/calendar/events/crimes-of-the-future,//images.ctfassets.net/22n7d68fswlw/569ZxuN4Z5XiyVZx8lGIAf/fb9dda015788578ef0f02a687eb71c8b/Crimes-of-the-Future-536.jpg?w=400
2022-06-01 21:44:49.676282,Tiff Bell Lightbox,"Edie Steiner Retrospective, Borderland Memories",2022-06-09 13:15:00,https://www.tiff.net/calendarhttps://www.femaleeyefilmfestival.com/,//images.ctfassets.net/22n7d68fswlw/7iQFPjkfx42VUBRCCXbirQ/44fd010029c8f86cbdf91363a8f0225f/FEFF_20th.jpg?w=400
2022-06-01 21:44:49.679635,Tiff Bell Lightbox,Girls For Change & Girl Voices Now,2022-06-09 09:00:00,https://www.tiff.net/calendarhttps://www.femaleeyefilmfestival.com/,//images.ctfassets.net/22n7d68fswlw/7iQFPjkfx42VUBRCCXbirQ/44fd010029c8f86cbdf91363a8f0225f/FEFF_20th.jpg?w=400
2022-06-01 21:44:49.682939,Tiff Bell Lightbox,"Mama Irene, Healer of the Andes",2022-06-09 11:00:00,https://www.tiff.net/calendarhttps://www.femaleeyefilmfestival.com/,//images.ctfassets.net/22n7d68fswlw/7iQFPjkfx42VUBRCCXbirQ/44fd010029c8f86cbdf91363a8f0225f/FEFF_20th.jpg?w=400
2022-06-01 21:44:49.687355,Tiff Bell Lightbox,Memoria,2022-06-09 12:45:00,https://www.tiff.net/calendar/events/memoria,//images.ctfassets.net/22n7d68fswlw/6UcvQM1j61ZXgFtpK7FqQe/e9ddae37d9f68887190be0f2ce6ba2d9/memoria_01.jpg?w=400
2022-06-01 21:44:49.690885,Tiff Bell Lightbox,Memoria,2022-06-09 15:50:00,https://www.tiff.net/calendar/events/memoria,//images.ctfassets.net/22n7d68fswlw/6UcvQM1j61ZXgFtpK7FqQe/e9ddae37d9f68887190be0f2ce6ba2d9/memoria_01.jpg?w=400
2022-06-01 21:44:49.693799,Tiff Bell Lightbox,Memoria,2022-06-09 19:00:00,https://www.tiff.net/calendar/events/memoria,//images.ctfassets.net/22n7d68fswlw/6UcvQM1j61ZXgFtpK7FqQe/e9ddae37d9f68887190be0f2ce6ba2d9/memoria_01.jpg?w=400
2022-06-01 21:44:49.696548,Tiff Bell Lightbox,Memoria,2022-06-09 22:05:00,https://www.tiff.net/calendar/events/memoria,//images.ctfassets.net/22n7d68fswlw/6UcvQM1j61ZXgFtpK7FqQe/e9ddae37d9f68887190be0f2ce6ba2d9/memoria_01.jpg?w=400
2022-06-01 21:44:49.699811,Tiff Bell Lightbox,Mississippi Masala with Mira Nair,2022-06-09 18:15:00,https://www.tiff.net/calendar/events/mississippi-masala-with-mira-nair,//images.ctfassets.net/22n7d68fswlw/48HKZPbC4NfgpEY0dF5UfW/53c2908da4196362f368f8820ab32d7e/mississippimasala_01.jpg?w=400
2022-06-01 21:44:49.703049,Tiff Bell Lightbox,"Toronto Filmmaker Series, A Short Film Program",2022-06-09 16:00:00,https://www.tiff.net/calendarhttps://www.femaleeyefilmfestival.com/,//images.ctfassets.net/22n7d68fswlw/7iQFPjkfx42VUBRCCXbirQ/44fd010029c8f86cbdf91363a8f0225f/FEFF_20th.jpg?w=400
2022-06-01 21:44:49.707480,Tiff Bell Lightbox,Anthology of Shorts,2022-06-10 09:00:00,https://www.tiff.net/calendarhttps://www.femaleeyefilmfestival.com/,//images.ctfassets.net/22n7d68fswlw/7iQFPjkfx42VUBRCCXbirQ/44fd010029c8f86cbdf91363a8f0225f/FEFF_20th.jpg?w=400
2022-06-01 21:44:49.710827,Tiff Bell Lightbox,Dance on Film,2022-06-10 14:00:00,https://www.tiff.net/calendarhttps://www.femaleeyefilmfestival.com/,//images.ctfassets.net/22n7d68fswlw/7iQFPjkfx42VUBRCCXbirQ/44fd010029c8f86cbdf91363a8f0225f/FEFF_20th.jpg?w=400
2022-06-01 21:44:49.714108,Tiff Bell Lightbox,"Edie Steiner, Retrospective and Artist Talk",2022-06-10 16:00:00,https://www.tiff.net/calendarhttps://www.femaleeyefilmfestival.com/,//images.ctfassets.net/22n7d68fswlw/7iQFPjkfx42VUBRCCXbirQ/44fd010029c8f86cbdf91363a8f0225f/FEFF_20th.jpg?w=400
2022-06-01 21:44:49.717436,Tiff Bell Lightbox,Forever a Woman,2022-06-10 18:15:00,https://www.tiff.net/calendar/events/forever-a-woman,//images.ctfassets.net/22n7d68fswlw/32bOw9DGjEKaXwXD0tcCB2/9dce67d1430ebd2e1f646c5d7a779f35/foreverawoman_01.jpg?w=400
2022-06-01 21:44:49.720701,Tiff Bell Lightbox,"Late Night Thrills & Chills, Short Film Program",2022-06-10 21:45:00,https://www.tiff.net/calendarhttps://www.femaleeyefilmfestival.com/,//images.ctfassets.net/22n7d68fswlw/7iQFPjkfx42VUBRCCXbirQ/44fd010029c8f86cbdf91363a8f0225f/FEFF_20th.jpg?w=400
2022-06-01 21:44:49.724182,Tiff Bell Lightbox,Madeleine Collins,2022-06-10 13:05:00,https://www.tiff.net/calendar/events/madeleine-collins,//images.ctfassets.net/22n7d68fswlw/4IILIIQEP5sn9sZgtyeIOy/ac7b1c67bc15c1bdcda6433b5db371a5/MadeleineCollins_01.jpg?w=400
2022-06-01 21:44:49.727082,Tiff Bell Lightbox,Madeleine Collins,2022-06-10 15:30:00,https://www.tiff.net/calendar/events/madeleine-collins,//images.ctfassets.net/22n7d68fswlw/4IILIIQEP5sn9sZgtyeIOy/ac7b1c67bc15c1bdcda6433b5db371a5/MadeleineCollins_01.jpg?w=400
2022-06-01 21:44:49.729979,Tiff Bell Lightbox,Madeleine Collins,2022-06-10 19:00:00,https://www.tiff.net/calendar/events/madeleine-collins,//images.ctfassets.net/22n7d68fswlw/4IILIIQEP5sn9sZgtyeIOy/ac7b1c67bc15c1bdcda6433b5db371a5/MadeleineCollins_01.jpg?w=400
2022-06-01 21:44:49.735596,Tiff Bell Lightbox,Madeleine Collins,2022-06-10 21:30:00,https://www.tiff.net/calendar/events/madeleine-collins,//images.ctfassets.net/22n7d68fswlw/4IILIIQEP5sn9sZgtyeIOy/ac7b1c67bc15c1bdcda6433b5db371a5/MadeleineCollins_01.jpg?w=400
2022-06-01 21:44:49.742955,Tiff Bell Lightbox,"Meet the Decision Makers, Panel Discussion",2022-06-10 09:00:00,https://www.tiff.net/calendarhttps://www.femaleeyefilmfestival.com/,//images.ctfassets.net/22n7d68fswlw/7iQFPjkfx42VUBRCCXbirQ/44fd010029c8f86cbdf91363a8f0225f/FEFF_20th.jpg?w=400
2022-06-01 21:44:49.748487,Tiff Bell Lightbox,North American Short Comedy Program,2022-06-10 16:00:00,https://www.tiff.net/calendarhttps://www.femaleeyefilmfestival.com/,//images.ctfassets.net/22n7d68fswlw/7iQFPjkfx42VUBRCCXbirQ/44fd010029c8f86cbdf91363a8f0225f/FEFF_20th.jpg?w=400
2022-06-01 21:44:49.752636,Tiff Bell Lightbox,Porto Femme Short Films,2022-06-10 11:30:00,https://www.tiff.net/calendarhttps://www.femaleeyefilmfestival.com/,//images.ctfassets.net/22n7d68fswlw/7iQFPjkfx42VUBRCCXbirQ/44fd010029c8f86cbdf91363a8f0225f/FEFF_20th.jpg?w=400
2022-06-01 21:44:49.756609,Tiff Bell Lightbox,Silver Screenings: Mississippi Masala,2022-06-10 11:00:00,https://www.tiff.net/calendar/events/silver-screenings-mississippi-masala,//images.ctfassets.net/22n7d68fswlw/42wAJTyN0KqwPGFbRZh4zb/1beb6a645b6b2c55e0fc7d295287b63e/SilverScreenings_Banner.jpeg__1_.jpg?w=400
2022-06-01 21:44:49.761609,Tiff Bell Lightbox,"Virtual Production, Panel Discussion",2022-06-10 13:00:00,https://www.tiff.net/calendarhttps://www.femaleeyefilmfestival.com/,//images.ctfassets.net/22n7d68fswlw/7iQFPjkfx42VUBRCCXbirQ/44fd010029c8f86cbdf91363a8f0225f/FEFF_20th.jpg?w=400
2022-06-01 21:44:49.765746,Tiff Bell Lightbox,We’re All In This Together,2022-06-10 18:30:00,https://www.tiff.net/calendarhttps://www.femaleeyefilmfestival.com/,//images.ctfassets.net/22n7d68fswlw/7iQFPjkfx42VUBRCCXbirQ/44fd010029c8f86cbdf91363a8f0225f/FEFF_20th.jpg?w=400
2022-06-01 21:44:49.771962,Tiff Bell Lightbox,10th Annual Screenwriters Live Pitch,2022-06-11 16:00:00,https://www.tiff.net/calendarhttps://www.femaleeyefilmfestival.com/,//images.ctfassets.net/22n7d68fswlw/7iQFPjkfx42VUBRCCXbirQ/44fd010029c8f86cbdf91363a8f0225f/FEFF_20th.jpg?w=400
2022-06-01 21:44:49.777010,Tiff Bell Lightbox,"2022 Honorary Director, Best in the Biz Tribute",2022-06-11 13:00:00,https://www.tiff.net/calendarhttps://www.femaleeyefilmfestival.com/,//images.ctfassets.net/22n7d68fswlw/7iQFPjkfx42VUBRCCXbirQ/44fd010029c8f86cbdf91363a8f0225f/FEFF_20th.jpg?w=400
2022-06-01 21:44:49.782507,Tiff Bell Lightbox,Be Still,2022-06-11 18:15:00,https://www.tiff.net/calendarhttps://www.femaleeyefilmfestival.com/,//images.ctfassets.net/22n7d68fswlw/7iQFPjkfx42VUBRCCXbirQ/44fd010029c8f86cbdf91363a8f0225f/FEFF_20th.jpg?w=400
2022-06-01 21:44:49.788119,Tiff Bell Lightbox,Dave,2022-06-11 13:30:00,https://www.tiff.net/calendar/events/dave,//images.ctfassets.net/22n7d68fswlw/5UxN3qX0EwibNhD7FWJlxy/5ec084e3c597985034628744bc0e2698/dave_01.jpg?w=400
2022-06-01 21:44:49.792950,Tiff Bell Lightbox,Independent Miss Craigie,2022-06-11 09:00:00,https://www.tiff.net/calendarhttps://www.femaleeyefilmfestival.com/,//images.ctfassets.net/22n7d68fswlw/7iQFPjkfx42VUBRCCXbirQ/44fd010029c8f86cbdf91363a8f0225f/FEFF_20th.jpg?w=400
2022-06-01 21:44:49.798185,Tiff Bell Lightbox,International Short Film Program,2022-06-11 15:00:00,https://www.tiff.net/calendarhttps://www.femaleeyefilmfestival.com/,//images.ctfassets.net/22n7d68fswlw/7iQFPjkfx42VUBRCCXbirQ/44fd010029c8f86cbdf91363a8f0225f/FEFF_20th.jpg?w=400
2022-06-01 21:44:49.803107,Tiff Bell Lightbox,"Late Night Thrills & Chills, Feature “Stag”",2022-06-11 21:15:00,https://www.tiff.net/calendarhttps://www.femaleeyefilmfestival.com/,//images.ctfassets.net/22n7d68fswlw/7iQFPjkfx42VUBRCCXbirQ/44fd010029c8f86cbdf91363a8f0225f/FEFF_20th.jpg?w=400
2022-06-01 21:44:49.808157,Tiff Bell Lightbox,Madeleine Collins,2022-06-11 13:00:00,https://www.tiff.net/calendar/events/madeleine-collins,//images.ctfassets.net/22n7d68fswlw/4IILIIQEP5sn9sZgtyeIOy/ac7b1c67bc15c1bdcda6433b5db371a5/MadeleineCollins_01.jpg?w=400
2022-06-01 21:44:49.812667,Tiff Bell Lightbox,Madeleine Collins,2022-06-11 15:30:00,https://www.tiff.net/calendar/events/madeleine-collins,//images.ctfassets.net/22n7d68fswlw/4IILIIQEP5sn9sZgtyeIOy/ac7b1c67bc15c1bdcda6433b5db371a5/MadeleineCollins_01.jpg?w=400
2022-06-01 21:44:49.816788,Tiff Bell Lightbox,Madeleine Collins,2022-06-11 19:15:00,https://www.tiff.net/calendar/events/madeleine-collins,//images.ctfassets.net/22n7d68fswlw/4IILIIQEP5sn9sZgtyeIOy/ac7b1c67bc15c1bdcda6433b5db371a5/MadeleineCollins_01.jpg?w=400
2022-06-01 21:44:49.820670,Tiff Bell Lightbox,Madeleine Collins,2022-06-11 21:45:00,https://www.tiff.net/calendar/events/madeleine-collins,//images.ctfassets.net/22n7d68fswlw/4IILIIQEP5sn9sZgtyeIOy/ac7b1c67bc15c1bdcda6433b5db371a5/MadeleineCollins_01.jpg?w=400
2022-06-01 21:44:49.825271,Tiff Bell Lightbox,Meet the Distributors Panel Discussion,2022-06-11 10:00:00,https://www.tiff.net/calendarhttps://www.femaleeyefilmfestival.com/,//images.ctfassets.net/22n7d68fswlw/7iQFPjkfx42VUBRCCXbirQ/44fd010029c8f86cbdf91363a8f0225f/FEFF_20th.jpg?w=400
2022-06-01 21:44:49.829982,Tiff Bell Lightbox,The Kissing Game,2022-06-11 12:00:00,https://www.tiff.net/calendarhttps://www.femaleeyefilmfestival.com/,//images.ctfassets.net/22n7d68fswlw/7iQFPjkfx42VUBRCCXbirQ/44fd010029c8f86cbdf91363a8f0225f/FEFF_20th.jpg?w=400
2022-06-01 21:44:49.834501,Tiff Bell Lightbox,The Wandering Princess,2022-06-11 19:30:00,https://www.tiff.net/calendar/events/the-wandering-princess,//images.ctfassets.net/22n7d68fswlw/3dUL81wgiZLMceDFei64XS/f8ec59c432dbd362f2cee814a1d40c11/wanderingprincess_01.jpg?w=400
2022-06-01 21:44:49.838806,Tiff Bell Lightbox,"A Romantic Guide to Lost Places, Closing Gala",2022-06-12 18:45:00,https://www.tiff.net/calendarhttps://www.femaleeyefilmfestival.com/,//images.ctfassets.net/22n7d68fswlw/7iQFPjkfx42VUBRCCXbirQ/44fd010029c8f86cbdf91363a8f0225f/FEFF_20th.jpg?w=400
2022-06-01 21:44:49.842531,Tiff Bell Lightbox,And Life Goes On,2022-06-12 13:30:00,https://www.tiff.net/calendar/events/and-life-goes-on,//images.ctfassets.net/22n7d68fswlw/38UgYZ3D44z2iEjE6tLJ7W/4944a3cea7a569674ff9c54b7ac61eda/andlifegoeson_01.jpg?w=400
2022-06-01 21:44:49.846397,Tiff Bell Lightbox,Forbidden Womanhood,2022-06-12 15:15:00,https://www.tiff.net/calendarhttps://www.femaleeyefilmfestival.com/,//images.ctfassets.net/22n7d68fswlw/7iQFPjkfx42VUBRCCXbirQ/44fd010029c8f86cbdf91363a8f0225f/FEFF_20th.jpg?w=400
2022-06-01 21:44:49.850196,Tiff Bell Lightbox,Madeleine Collins,2022-06-12 13:00:00,https://www.tiff.net/calendar/events/madeleine-collins,//images.ctfassets.net/22n7d68fswlw/4IILIIQEP5sn9sZgtyeIOy/ac7b1c67bc15c1bdcda6433b5db371a5/MadeleineCollins_01.jpg?w=400
2022-06-01 21:44:49.853058,Tiff Bell Lightbox,Madeleine Collins,2022-06-12 15:30:00,https://www.tiff.net/calendar/events/madeleine-collins,//images.ctfassets.net/22n7d68fswlw/4IILIIQEP5sn9sZgtyeIOy/ac7b1c67bc15c1bdcda6433b5db371a5/MadeleineCollins_01.jpg?w=400
2022-06-01 21:44:49.855798,Tiff Bell Lightbox,Madeleine Collins,2022-06-12 18:30:00,https://www.tiff.net/calendar/events/madeleine-collins,//images.ctfassets.net/22n7d68fswlw/4IILIIQEP5sn9sZgtyeIOy/ac7b1c67bc15c1bdcda6433b5db371a5/MadeleineCollins_01.jpg?w=400
2022-06-01 21:44:49.858682,Tiff Bell Lightbox,Madeleine Collins,2022-06-12 20:55:00,https://www.tiff.net/calendar/events/madeleine-collins,//images.ctfassets.net/22n7d68fswlw/4IILIIQEP5sn9sZgtyeIOy/ac7b1c67bc15c1bdcda6433b5db371a5/MadeleineCollins_01.jpg?w=400
2022-06-01 21:44:49.861950,Tiff Bell Lightbox,Moonlight Shadow Wall,2022-06-12 12:15:00,https://www.tiff.net/calendarhttps://www.femaleeyefilmfestival.com/,//images.ctfassets.net/22n7d68fswlw/7iQFPjkfx42VUBRCCXbirQ/44fd010029c8f86cbdf91363a8f0225f/FEFF_20th.jpg?w=400
2022-06-01 21:44:49.865232,Tiff Bell Lightbox,"Pure Grit, Indigenous Documentary",2022-06-12 09:00:00,https://www.tiff.net/calendarhttps://www.femaleeyefilmfestival.com/,//images.ctfassets.net/22n7d68fswlw/7iQFPjkfx42VUBRCCXbirQ/44fd010029c8f86cbdf91363a8f0225f/FEFF_20th.jpg?w=400
2022-06-01 21:44:49.868566,Tiff Bell Lightbox,Silent Running,2022-06-12 19:30:00,https://www.tiff.net/calendar/events/silent-running,//images.ctfassets.net/22n7d68fswlw/1O3TKjr4Da6uaWSk2yGcC2/9b254f748ce87759e125a07d87d42044/Silent_Running.JPG?w=400
2022-06-01 21:44:49.872162,Tiff Bell Lightbox,Madeleine Collins,2022-06-14 18:30:00,https://www.tiff.net/calendar/events/madeleine-collins,//images.ctfassets.net/22n7d68fswlw/4IILIIQEP5sn9sZgtyeIOy/ac7b1c67bc15c1bdcda6433b5db371a5/MadeleineCollins_01.jpg?w=400
2022-06-01 21:44:49.875529,Tiff Bell Lightbox,Waking the Giants: The Art of Sean Couchie,2022-06-14 15:00:00,https://www.tiff.net/calendar/events/waking-the-giants-the-art-of-sean-couchie,//images.ctfassets.net/22n7d68fswlw/6Wfgyx0KsSPSQoFfvUPPUz/c886af909d1a6080dd5a28ee9f46e406/birds.jpg?w=400
2022-06-01 21:44:49.879364,Tiff Bell Lightbox,Madeleine Collins,2022-06-15 13:00:00,https://www.tiff.net/calendar/events/madeleine-collins,//images.ctfassets.net/22n7d68fswlw/4IILIIQEP5sn9sZgtyeIOy/ac7b1c67bc15c1bdcda6433b5db371a5/MadeleineCollins_01.jpg?w=400
2022-06-01 21:44:49.882347,Tiff Bell Lightbox,Madeleine Collins,2022-06-15 15:30:00,https://www.tiff.net/calendar/events/madeleine-collins,//images.ctfassets.net/22n7d68fswlw/4IILIIQEP5sn9sZgtyeIOy/ac7b1c67bc15c1bdcda6433b5db371a5/MadeleineCollins_01.jpg?w=400
2022-06-01 21:44:49.885199,Tiff Bell Lightbox,Madeleine Collins,2022-06-15 19:10:00,https://www.tiff.net/calendar/events/madeleine-collins,//images.ctfassets.net/22n7d68fswlw/4IILIIQEP5sn9sZgtyeIOy/ac7b1c67bc15c1bdcda6433b5db371a5/MadeleineCollins_01.jpg?w=400
2022-06-01 21:44:49.887927,Tiff Bell Lightbox,Madeleine Collins,2022-06-15 21:35:00,https://www.tiff.net/calendar/events/madeleine-collins,//images.ctfassets.net/22n7d68fswlw/4IILIIQEP5sn9sZgtyeIOy/ac7b1c67bc15c1bdcda6433b5db371a5/MadeleineCollins_01.jpg?w=400
2022-06-01 21:44:49.891114,Tiff Bell Lightbox,TIFF Advance Screening: Cha Cha Real Smooth,2022-06-15 19:00:00,https://www.tiff.net/calendar/events/tiff-advance-screening-cha-cha-real-smooth,//images.ctfassets.net/22n7d68fswlw/3t7jCTPAMzG5NHt2HM7ZNF/4c687dfc984088b3104f5cc5425c74ca/ChaChaRealSmooth_01.jpg?w=400
2022-06-01 21:44:49.894426,Tiff Bell Lightbox,Waking the Giants: The Art of Sean Couchie,2022-06-15 10:00:00,https://www.tiff.net/calendar/events/waking-the-giants-the-art-of-sean-couchie,//images.ctfassets.net/22n7d68fswlw/6Wfgyx0KsSPSQoFfvUPPUz/c886af909d1a6080dd5a28ee9f46e406/birds.jpg?w=400
2022-06-01 21:44:49.898090,Tiff Bell Lightbox,Friends and Strangers preceded by Ikebana,2022-06-16 18:15:00,https://www.tiff.net/calendar/events/friends-and-strangers-preceded-by-ikebana,//images.ctfassets.net/22n7d68fswlw/6xE32A1xF73M6fLIVuH3sZ/e1018442abe4ed068fdcff49ec7a31f8/friendsandstrangers_01.jpg?w=400
2022-06-01 21:44:49.901562,Tiff Bell Lightbox,Madeleine Collins,2022-06-16 13:30:00,https://www.tiff.net/calendar/events/madeleine-collins,//images.ctfassets.net/22n7d68fswlw/4IILIIQEP5sn9sZgtyeIOy/ac7b1c67bc15c1bdcda6433b5db371a5/MadeleineCollins_01.jpg?w=400
2022-06-01 21:44:49.904366,Tiff Bell Lightbox,Madeleine Collins,2022-06-16 15:55:00,https://www.tiff.net/calendar/events/madeleine-collins,//images.ctfassets.net/22n7d68fswlw/4IILIIQEP5sn9sZgtyeIOy/ac7b1c67bc15c1bdcda6433b5db371a5/MadeleineCollins_01.jpg?w=400
2022-06-01 21:44:49.907063,Tiff Bell Lightbox,Madeleine Collins,2022-06-16 19:00:00,https://www.tiff.net/calendar/events/madeleine-collins,//images.ctfassets.net/22n7d68fswlw/4IILIIQEP5sn9sZgtyeIOy/ac7b1c67bc15c1bdcda6433b5db371a5/MadeleineCollins_01.jpg?w=400
2022-06-01 21:44:49.909794,Tiff Bell Lightbox,Madeleine Collins,2022-06-16 21:30:00,https://www.tiff.net/calendar/events/madeleine-collins,//images.ctfassets.net/22n7d68fswlw/4IILIIQEP5sn9sZgtyeIOy/ac7b1c67bc15c1bdcda6433b5db371a5/MadeleineCollins_01.jpg?w=400
2022-06-01 21:44:49.912955,Tiff Bell Lightbox,Waking the Giants: The Art of Sean Couchie,2022-06-16 10:00:00,https://www.tiff.net/calendar/events/waking-the-giants-the-art-of-sean-couchie,//images.ctfassets.net/22n7d68fswlw/6Wfgyx0KsSPSQoFfvUPPUz/c886af909d1a6080dd5a28ee9f46e406/birds.jpg?w=400
2022-06-01 21:44:49.916511,Tiff Bell Lightbox,A Knight's Tale,2022-06-17 18:15:00,https://www.tiff.net/calendar/events/a-knights-tale,//images.ctfassets.net/22n7d68fswlw/4QfCy7zPtFIUTFwt1eaOky/a78f5e6e0df725a820204ff0a9727470/knightstale_02.jpg?w=400
2022-06-01 21:44:49.919760,Tiff Bell Lightbox,Waking the Giants: The Art of Sean Couchie,2022-06-17 10:00:00,https://www.tiff.net/calendar/events/waking-the-giants-the-art-of-sean-couchie,//images.ctfassets.net/22n7d68fswlw/6Wfgyx0KsSPSQoFfvUPPUz/c886af909d1a6080dd5a28ee9f46e406/birds.jpg?w=400
2022-06-01 21:44:49.923345,Tiff Bell Lightbox,Certain Women,2022-06-18 13:30:00,https://www.tiff.net/calendar/events/certain-women,//images.ctfassets.net/22n7d68fswlw/3BWigFo9hSlo7ESgiVjU7f/1b54549ee74686aaadedfdd523e98b6f/certainwomen_06.jpg?w=400
2022-06-01 21:44:49.926663,Tiff Bell Lightbox,Shortbus with Sook Yin-Lee,2022-06-18 19:30:00,https://www.tiff.net/calendar/events/shortbus-with-sook-yin-lee,//images.ctfassets.net/22n7d68fswlw/5HUxL8gl9Gtoe5NNYMeFjq/646abae42fffc20a735c15bdbd8047a8/SHORTBUS_1.jpg?w=400
2022-06-01 21:44:49.929944,Tiff Bell Lightbox,Waking the Giants: The Art of Sean Couchie,2022-06-18 10:00:00,https://www.tiff.net/calendar/events/waking-the-giants-the-art-of-sean-couchie,//images.ctfassets.net/22n7d68fswlw/6Wfgyx0KsSPSQoFfvUPPUz/c886af909d1a6080dd5a28ee9f46e406/birds.jpg?w=400
2022-06-01 21:44:49.933632,Tiff Bell Lightbox,Girls of the Night,2022-06-19 19:30:00,https://www.tiff.net/calendar/events/the-girls-of-night,//images.ctfassets.net/22n7d68fswlw/5ApddmfAH3ec22EVyimF5K/ade2b359b64fd7172f543703736e5cfb/girlsofthenight_01.jpg?w=400
2022-06-01 21:44:49.936893,Tiff Bell Lightbox,My Blueberry Nights,2022-06-19 13:30:00,https://www.tiff.net/calendar/events/my-blueberry-nights,//images.ctfassets.net/22n7d68fswlw/10E6iDjbMhoghbLYHpiRNd/76e3d4b2e7b320c32145fdf73329f853/David_Strathairn_2.jpg?w=400
2022-06-01 21:44:49.940141,Tiff Bell Lightbox,Waking the Giants: The Art of Sean Couchie,2022-06-19 10:00:00,https://www.tiff.net/calendar/events/waking-the-giants-the-art-of-sean-couchie,//images.ctfassets.net/22n7d68fswlw/6Wfgyx0KsSPSQoFfvUPPUz/c886af909d1a6080dd5a28ee9f46e406/birds.jpg?w=400
2022-06-01 21:44:49.944346,Tiff Bell Lightbox,Adam Beach on Smoke Signals,2022-06-21 19:00:00,https://www.tiff.net/calendar/events/adam-beach-on-smoke-signals,//images.ctfassets.net/22n7d68fswlw/2jQa3A18YBaklDPBeNwKXd/bfd12e7bbf987e706ea13090e8c38155/smokesignals_01.jpg?w=400
2022-06-01 21:44:49.949489,Tiff Bell Lightbox,Waking the Giants: The Art of Sean Couchie,2022-06-21 15:00:00,https://www.tiff.net/calendar/events/waking-the-giants-the-art-of-sean-couchie,//images.ctfassets.net/22n7d68fswlw/6Wfgyx0KsSPSQoFfvUPPUz/c886af909d1a6080dd5a28ee9f46e406/birds.jpg?w=400
2022-06-01 21:44:49.954190,Tiff Bell Lightbox,Waking the Giants: The Art of Sean Couchie,2022-06-22 10:00:00,https://www.tiff.net/calendar/events/waking-the-giants-the-art-of-sean-couchie,//images.ctfassets.net/22n7d68fswlw/6Wfgyx0KsSPSQoFfvUPPUz/c886af909d1a6080dd5a28ee9f46e406/birds.jpg?w=400
2022-06-01 21:44:49.958846,Tiff Bell Lightbox,Through the Olive Trees,2022-06-23 18:15:00,https://www.tiff.net/calendar/events/through-the-olive-trees,//images.ctfassets.net/22n7d68fswlw/3sO6IM8KQqAk8IwzcQJb2i/74c9f8bc1acbc588b21dd8fcb596d6cd/throughtheolivetress_01.jpg?w=400
2022-06-01 21:44:49.963578,Tiff Bell Lightbox,Waking the Giants: The Art of Sean Couchie,2022-06-23 10:00:00,https://www.tiff.net/calendar/events/waking-the-giants-the-art-of-sean-couchie,//images.ctfassets.net/22n7d68fswlw/6Wfgyx0KsSPSQoFfvUPPUz/c886af909d1a6080dd5a28ee9f46e406/birds.jpg?w=400
2022-06-01 21:44:49.968355,Tiff Bell Lightbox,Love Under the Crucifix,2022-06-24 18:15:00,https://www.tiff.net/calendar/events/love-under-the-crucifix,//images.ctfassets.net/22n7d68fswlw/7pEgZ5km1LcKAExka3Zc2S/4c449a0671db3373410cb23441a8fdd9/loveunderthecrucifix_01.jpg?w=400
2022-06-01 21:44:49.972504,Tiff Bell Lightbox,Waking the Giants: The Art of Sean Couchie,2022-06-24 10:00:00,https://www.tiff.net/calendar/events/waking-the-giants-the-art-of-sean-couchie,//images.ctfassets.net/22n7d68fswlw/6Wfgyx0KsSPSQoFfvUPPUz/c886af909d1a6080dd5a28ee9f46e406/birds.jpg?w=400
2022-06-01 21:44:49.977744,Tiff Bell Lightbox,Freaked preceded by Squeal of Death with Tom Stern,2022-06-25 21:15:00,https://www.tiff.net/calendar/events/freaked-preceded-by-squeal-of-death,//images.ctfassets.net/22n7d68fswlw/6CSyTC6V1kpVOXa4Tf6mIl/6104396cdce06f992439c8675d870e41/FREAKED.jpeg?w=400
2022-06-01 21:44:49.982136,Tiff Bell Lightbox,Infinite Points On A Circle,2022-06-25 15:00:00,https://www.tiff.net/calendar/events/infinite-points-on-a-circle,//images.ctfassets.net/22n7d68fswlw/7BIQY5LOLmyIdNbecNbPoB/a7ea696514f4a513dadc0d10fcbb4afa/woman-dress.jpg?w=400
2022-06-01 21:44:49.986461,Tiff Bell Lightbox,Waking the Giants: The Art of Sean Couchie,2022-06-25 10:00:00,https://www.tiff.net/calendar/events/waking-the-giants-the-art-of-sean-couchie,//images.ctfassets.net/22n7d68fswlw/6Wfgyx0KsSPSQoFfvUPPUz/c886af909d1a6080dd5a28ee9f46e406/birds.jpg?w=400
2022-06-01 21:44:49.990819,Tiff Bell Lightbox,Close-up,2022-06-26 19:30:00,https://www.tiff.net/calendar/events/close-up,//images.ctfassets.net/22n7d68fswlw/6ZhcR9JE1DLFvWGeAmRtoA/2900f97e7d60a0937d8290ccd49c9005/close-up_01.jpg?w=400
2022-06-01 21:44:49.995691,Tiff Bell Lightbox,TIFF Preludes,2022-06-26 16:00:00,https://www.tiff.net/calendar/events/tiff-preludes,//images.ctfassets.net/22n7d68fswlw/7mEdi0s3u0CquOWya4iMQA/9dfe5ef1dc3739bbd7f789bcb40a035e/TBLB-no-image.jpg?w=400
2022-06-01 21:44:50.000304,Tiff Bell Lightbox,Waking the Giants: The Art of Sean Couchie,2022-06-26 10:00:00,https://www.tiff.net/calendar/events/waking-the-giants-the-art-of-sean-couchie,//images.ctfassets.net/22n7d68fswlw/6Wfgyx0KsSPSQoFfvUPPUz/c886af909d1a6080dd5a28ee9f46e406/birds.jpg?w=400
2022-06-01 21:44:50.004487,Tiff Bell Lightbox,Close-up,2022-06-29 18:00:00,https://www.tiff.net/calendar/events/close-up,//images.ctfassets.net/22n7d68fswlw/6ZhcR9JE1DLFvWGeAmRtoA/2900f97e7d60a0937d8290ccd49c9005/close-up_01.jpg?w=400
2022-06-01 21:44:50.008773,Tiff Bell Lightbox,Heat,2022-06-30 18:15:00,https://www.tiff.net/calendar/events/heat,//images.ctfassets.net/22n7d68fswlw/5xEXD5JjTvxtEAHa8agkeF/db1a2a9d873cf1f9c987f8dffe8e4763/heat_01.jpg?w=400
2022-06-08 19:49:25.796285,Cinesphere Theater,Shoplifters,2022-06-10 19:30:00,https://ontarioplace.com/en/event/shoplifters/,https://ontarioplace.com/wp-content/uploads/2022/05/Shoplifters-poster-scaled.jpg
2022-06-08 19:49:25.806070,Cinesphere Theater,Judas and the Black Messiah,2022-06-11 19:30:00,https://ontarioplace.com/en/event/judas-and-the-black-messiah/,https://ontarioplace.com/wp-content/uploads/2022/05/Judas-and-the-Black-Messiah-poster-scaled.jpg
2022-06-08 19:49:52.138237,Tiff Bell Lightbox,Benediction,2022-06-08 15:50:00,https://www.tiff.net/calendar/events/benediction,//images.ctfassets.net/22n7d68fswlw/4yIbFDymJzj6ODSQoN4gAs/69801d1c8cbde5db9a2e17d3152b568b/benediction_still_01.jpg?w=400
2022-06-08 19:49:52.142125,Tiff Bell Lightbox,Benediction,2022-06-08 19:00:00,https://www.tiff.net/calendar/events/benediction,//images.ctfassets.net/22n7d68fswlw/4yIbFDymJzj6ODSQoN4gAs/69801d1c8cbde5db9a2e17d3152b568b/benediction_still_01.jpg?w=400
2022-06-08 19:49:52.145120,Tiff Bell Lightbox,Benediction,2022-06-08 21:30:00,https://www.tiff.net/calendar/events/benediction,//images.ctfassets.net/22n7d68fswlw/4yIbFDymJzj6ODSQoN4gAs/69801d1c8cbde5db9a2e17d3152b568b/benediction_still_01.jpg?w=400
2022-06-08 19:49:52.148898,Tiff Bell Lightbox,Crimes of the Future,2022-06-08 12:00:00,https://www.tiff.net/calendar/events/crimes-of-the-future,//images.ctfassets.net/22n7d68fswlw/569ZxuN4Z5XiyVZx8lGIAf/fb9dda015788578ef0f02a687eb71c8b/Crimes-of-the-Future-536.jpg?w=400
2022-06-08 19:49:52.151968,Tiff Bell Lightbox,Crimes of the Future,2022-06-08 14:30:00,https://www.tiff.net/calendar/events/crimes-of-the-future,//images.ctfassets.net/22n7d68fswlw/569ZxuN4Z5XiyVZx8lGIAf/fb9dda015788578ef0f02a687eb71c8b/Crimes-of-the-Future-536.jpg?w=400
2022-06-08 19:49:52.154922,Tiff Bell Lightbox,Crimes of the Future,2022-06-08 17:00:00,https://www.tiff.net/calendar/events/crimes-of-the-future,//images.ctfassets.net/22n7d68fswlw/569ZxuN4Z5XiyVZx8lGIAf/fb9dda015788578ef0f02a687eb71c8b/Crimes-of-the-Future-536.jpg?w=400
2022-06-08 19:49:52.157930,Tiff Bell Lightbox,Crimes of the Future,2022-06-08 19:30:00,https://www.tiff.net/calendar/events/crimes-of-the-future,//images.ctfassets.net/22n7d68fswlw/569ZxuN4Z5XiyVZx8lGIAf/fb9dda015788578ef0f02a687eb71c8b/Crimes-of-the-Future-536.jpg?w=400
2022-06-08 19:49:52.160908,Tiff Bell Lightbox,Crimes of the Future,2022-06-08 22:00:00,https://www.tiff.net/calendar/events/crimes-of-the-future,//images.ctfassets.net/22n7d68fswlw/569ZxuN4Z5XiyVZx8lGIAf/fb9dda015788578ef0f02a687eb71c8b/Crimes-of-the-Future-536.jpg?w=400
2022-06-08 19:49:52.164588,Tiff Bell Lightbox,Memoria,2022-06-08 12:50:00,https://www.tiff.net/calendar/events/memoria,//images.ctfassets.net/22n7d68fswlw/6UcvQM1j61ZXgFtpK7FqQe/e9ddae37d9f68887190be0f2ce6ba2d9/memoria_01.jpg?w=400
2022-06-08 19:49:52.167613,Tiff Bell Lightbox,Memoria,2022-06-08 18:30:00,https://www.tiff.net/calendar/events/memoria,//images.ctfassets.net/22n7d68fswlw/6UcvQM1j61ZXgFtpK7FqQe/e9ddae37d9f68887190be0f2ce6ba2d9/memoria_01.jpg?w=400
2022-06-08 19:49:52.170527,Tiff Bell Lightbox,Memoria,2022-06-08 20:00:00,https://www.tiff.net/calendar/events/memoria,//images.ctfassets.net/22n7d68fswlw/6UcvQM1j61ZXgFtpK7FqQe/e9ddae37d9f68887190be0f2ce6ba2d9/memoria_01.jpg?w=400
2022-06-08 19:49:52.175279,Tiff Bell Lightbox,Benediction,2022-06-09 13:30:00,https://www.tiff.net/calendar/events/benediction,//images.ctfassets.net/22n7d68fswlw/4yIbFDymJzj6ODSQoN4gAs/69801d1c8cbde5db9a2e17d3152b568b/benediction_still_01.jpg?w=400
2022-06-08 19:49:52.178384,Tiff Bell Lightbox,Benediction,2022-06-09 15:00:00,https://www.tiff.net/calendar/events/benediction,//images.ctfassets.net/22n7d68fswlw/4yIbFDymJzj6ODSQoN4gAs/69801d1c8cbde5db9a2e17d3152b568b/benediction_still_01.jpg?w=400
2022-06-08 19:49:52.182594,Tiff Bell Lightbox,Benediction,2022-06-09 18:30:00,https://www.tiff.net/calendar/events/benediction,//images.ctfassets.net/22n7d68fswlw/4yIbFDymJzj6ODSQoN4gAs/69801d1c8cbde5db9a2e17d3152b568b/benediction_still_01.jpg?w=400
2022-06-08 19:49:52.185938,Tiff Bell Lightbox,Benediction,2022-06-09 21:30:00,https://www.tiff.net/calendar/events/benediction,//images.ctfassets.net/22n7d68fswlw/4yIbFDymJzj6ODSQoN4gAs/69801d1c8cbde5db9a2e17d3152b568b/benediction_still_01.jpg?w=400
2022-06-08 19:49:52.189668,Tiff Bell Lightbox,"Carmen, Opening Gala Feature",2022-06-09 19:30:00,https://www.tiff.net/calendarhttps://www.femaleeyefilmfestival.com/,//images.ctfassets.net/22n7d68fswlw/7iQFPjkfx42VUBRCCXbirQ/1c441bd7d488c935cbff48f8dc7a2d0a/TIFF_LOGO_.jpg?w=400
2022-06-08 19:49:52.193898,Tiff Bell Lightbox,Crimes of the Future,2022-06-09 12:00:00,https://www.tiff.net/calendar/events/crimes-of-the-future,//images.ctfassets.net/22n7d68fswlw/569ZxuN4Z5XiyVZx8lGIAf/fb9dda015788578ef0f02a687eb71c8b/Crimes-of-the-Future-536.jpg?w=400
2022-06-08 19:49:52.197283,Tiff Bell Lightbox,Crimes of the Future,2022-06-09 14:30:00,https://www.tiff.net/calendar/events/crimes-of-the-future,//images.ctfassets.net/22n7d68fswlw/569ZxuN4Z5XiyVZx8lGIAf/fb9dda015788578ef0f02a687eb71c8b/Crimes-of-the-Future-536.jpg?w=400
2022-06-08 19:49:52.200291,Tiff Bell Lightbox,Crimes of the Future,2022-06-09 17:00:00,https://www.tiff.net/calendar/events/crimes-of-the-future,//images.ctfassets.net/22n7d68fswlw/569ZxuN4Z5XiyVZx8lGIAf/fb9dda015788578ef0f02a687eb71c8b/Crimes-of-the-Future-536.jpg?w=400
2022-06-08 19:49:52.203250,Tiff Bell Lightbox,Crimes of the Future,2022-06-09 19:30:00,https://www.tiff.net/calendar/events/crimes-of-the-future,//images.ctfassets.net/22n7d68fswlw/569ZxuN4Z5XiyVZx8lGIAf/fb9dda015788578ef0f02a687eb71c8b/Crimes-of-the-Future-536.jpg?w=400
2022-06-08 19:49:52.206282,Tiff Bell Lightbox,Crimes of the Future,2022-06-09 22:00:00,https://www.tiff.net/calendar/events/crimes-of-the-future,//images.ctfassets.net/22n7d68fswlw/569ZxuN4Z5XiyVZx8lGIAf/fb9dda015788578ef0f02a687eb71c8b/Crimes-of-the-Future-536.jpg?w=400
2022-06-08 19:49:52.209774,Tiff Bell Lightbox,"Edie Steiner Retrospective, Borderland Memories",2022-06-09 13:15:00,https://www.tiff.net/calendarhttps://www.femaleeyefilmfestival.com/,//images.ctfassets.net/22n7d68fswlw/7iQFPjkfx42VUBRCCXbirQ/1c441bd7d488c935cbff48f8dc7a2d0a/TIFF_LOGO_.jpg?w=400
2022-06-08 19:49:52.213411,Tiff Bell Lightbox,Girls For Change & Girl Voices Now,2022-06-09 09:00:00,https://www.tiff.net/calendarhttps://www.femaleeyefilmfestival.com/,//images.ctfassets.net/22n7d68fswlw/7iQFPjkfx42VUBRCCXbirQ/1c441bd7d488c935cbff48f8dc7a2d0a/TIFF_LOGO_.jpg?w=400
2022-06-08 19:49:52.216931,Tiff Bell Lightbox,"Mama Irene, Healer of the Andes",2022-06-09 11:00:00,https://www.tiff.net/calendarhttps://www.femaleeyefilmfestival.com/,//images.ctfassets.net/22n7d68fswlw/7iQFPjkfx42VUBRCCXbirQ/1c441bd7d488c935cbff48f8dc7a2d0a/TIFF_LOGO_.jpg?w=400
2022-06-08 19:49:52.220661,Tiff Bell Lightbox,Memoria,2022-06-09 12:45:00,https://www.tiff.net/calendar/events/memoria,//images.ctfassets.net/22n7d68fswlw/6UcvQM1j61ZXgFtpK7FqQe/e9ddae37d9f68887190be0f2ce6ba2d9/memoria_01.jpg?w=400
2022-06-08 19:49:52.223685,Tiff Bell Lightbox,Memoria,2022-06-09 15:50:00,https://www.tiff.net/calendar/events/memoria,//images.ctfassets.net/22n7d68fswlw/6UcvQM1j61ZXgFtpK7FqQe/e9ddae37d9f68887190be0f2ce6ba2d9/memoria_01.jpg?w=400
2022-06-08 19:49:52.226712,Tiff Bell Lightbox,Memoria,2022-06-09 19:00:00,https://www.tiff.net/calendar/events/memoria,//images.ctfassets.net/22n7d68fswlw/6UcvQM1j61ZXgFtpK7FqQe/e9ddae37d9f68887190be0f2ce6ba2d9/memoria_01.jpg?w=400
2022-06-08 19:49:52.229718,Tiff Bell Lightbox,Memoria,2022-06-09 22:05:00,https://www.tiff.net/calendar/events/memoria,//images.ctfassets.net/22n7d68fswlw/6UcvQM1j61ZXgFtpK7FqQe/e9ddae37d9f68887190be0f2ce6ba2d9/memoria_01.jpg?w=400
2022-06-08 19:49:52.233186,Tiff Bell Lightbox,Mississippi Masala with Mira Nair,2022-06-09 18:15:00,https://www.tiff.net/calendar/events/mississippi-masala-with-mira-nair,//images.ctfassets.net/22n7d68fswlw/48HKZPbC4NfgpEY0dF5UfW/53c2908da4196362f368f8820ab32d7e/mississippimasala_01.jpg?w=400
2022-06-08 19:49:52.236718,Tiff Bell Lightbox,"Toronto Filmmaker Series, A Short Film Program",2022-06-09 16:00:00,https://www.tiff.net/calendarhttps://www.femaleeyefilmfestival.com/,//images.ctfassets.net/22n7d68fswlw/7iQFPjkfx42VUBRCCXbirQ/1c441bd7d488c935cbff48f8dc7a2d0a/TIFF_LOGO_.jpg?w=400
2022-06-08 19:49:52.241766,Tiff Bell Lightbox,Anthology of Shorts,2022-06-10 09:00:00,https://www.tiff.net/calendarhttps://www.femaleeyefilmfestival.com/,//images.ctfassets.net/22n7d68fswlw/7iQFPjkfx42VUBRCCXbirQ/1c441bd7d488c935cbff48f8dc7a2d0a/TIFF_LOGO_.jpg?w=400
2022-06-08 19:49:52.245445,Tiff Bell Lightbox,Benediction,2022-06-10 13:30:00,https://www.tiff.net/calendar/events/benediction,//images.ctfassets.net/22n7d68fswlw/4yIbFDymJzj6ODSQoN4gAs/69801d1c8cbde5db9a2e17d3152b568b/benediction_still_01.jpg?w=400
2022-06-08 19:49:52.248620,Tiff Bell Lightbox,Benediction,2022-06-10 19:45:00,https://www.tiff.net/calendar/events/benediction,//images.ctfassets.net/22n7d68fswlw/4yIbFDymJzj6ODSQoN4gAs/69801d1c8cbde5db9a2e17d3152b568b/benediction_still_01.jpg?w=400
2022-06-08 19:49:52.251553,Tiff Bell Lightbox,Benediction,2022-06-10 20:50:00,https://www.tiff.net/calendar/events/benediction,//images.ctfassets.net/22n7d68fswlw/4yIbFDymJzj6ODSQoN4gAs/69801d1c8cbde5db9a2e17d3152b568b/benediction_still_01.jpg?w=400
2022-06-08 19:49:52.255744,Tiff Bell Lightbox,Crimes of the Future,2022-06-10 12:50:00,https://www.tiff.net/calendar/events/crimes-of-the-future,//images.ctfassets.net/22n7d68fswlw/569ZxuN4Z5XiyVZx8lGIAf/fb9dda015788578ef0f02a687eb71c8b/Crimes-of-the-Future-536.jpg?w=400
2022-06-08 19:49:52.259233,Tiff Bell Lightbox,Crimes of the Future,2022-06-10 15:20:00,https://www.tiff.net/calendar/events/crimes-of-the-future,//images.ctfassets.net/22n7d68fswlw/569ZxuN4Z5XiyVZx8lGIAf/fb9dda015788578ef0f02a687eb71c8b/Crimes-of-the-Future-536.jpg?w=400
2022-06-08 19:49:52.262291,Tiff Bell Lightbox,Crimes of the Future,2022-06-10 16:30:00,https://www.tiff.net/calendar/events/crimes-of-the-future,//images.ctfassets.net/22n7d68fswlw/569ZxuN4Z5XiyVZx8lGIAf/fb9dda015788578ef0f02a687eb71c8b/Crimes-of-the-Future-536.jpg?w=400
2022-06-08 19:49:52.265360,Tiff Bell Lightbox,Crimes of the Future,2022-06-10 19:15:00,https://www.tiff.net/calendar/events/crimes-of-the-future,//images.ctfassets.net/22n7d68fswlw/569ZxuN4Z5XiyVZx8lGIAf/fb9dda015788578ef0f02a687eb71c8b/Crimes-of-the-Future-536.jpg?w=400
2022-06-08 19:49:52.268274,Tiff Bell Lightbox,Crimes of the Future,2022-06-10 21:50:00,https://www.tiff.net/calendar/events/crimes-of-the-future,//images.ctfassets.net/22n7d68fswlw/569ZxuN4Z5XiyVZx8lGIAf/fb9dda015788578ef0f02a687eb71c8b/Crimes-of-the-Future-536.jpg?w=400
2022-06-08 19:49:52.271736,Tiff Bell Lightbox,Dance on Film,2022-06-10 14:00:00,https://www.tiff.net/calendarhttps://www.femaleeyefilmfestival.com/,//images.ctfassets.net/22n7d68fswlw/7iQFPjkfx42VUBRCCXbirQ/1c441bd7d488c935cbff48f8dc7a2d0a/TIFF_LOGO_.jpg?w=400
2022-06-08 19:49:52.275318,Tiff Bell Lightbox,"Edie Steiner, Retrospective and Artist Talk",2022-06-10 16:00:00,https://www.tiff.net/calendarhttps://www.femaleeyefilmfestival.com/,//images.ctfassets.net/22n7d68fswlw/7iQFPjkfx42VUBRCCXbirQ/1c441bd7d488c935cbff48f8dc7a2d0a/TIFF_LOGO_.jpg?w=400
2022-06-08 19:49:52.278901,Tiff Bell Lightbox,Forever a Woman,2022-06-10 18:15:00,https://www.tiff.net/calendar/events/forever-a-woman,//images.ctfassets.net/22n7d68fswlw/32bOw9DGjEKaXwXD0tcCB2/9dce67d1430ebd2e1f646c5d7a779f35/foreverawoman_01.jpg?w=400
2022-06-08 19:49:52.282549,Tiff Bell Lightbox,"Late Night Thrills & Chills, Short Film Program",2022-06-10 21:45:00,https://www.tiff.net/calendarhttps://www.femaleeyefilmfestival.com/,//images.ctfassets.net/22n7d68fswlw/7iQFPjkfx42VUBRCCXbirQ/1c441bd7d488c935cbff48f8dc7a2d0a/TIFF_LOGO_.jpg?w=400
2022-06-08 19:49:52.286307,Tiff Bell Lightbox,Madeleine Collins,2022-06-10 13:05:00,https://www.tiff.net/calendar/events/madeleine-collins,//images.ctfassets.net/22n7d68fswlw/4IILIIQEP5sn9sZgtyeIOy/ac7b1c67bc15c1bdcda6433b5db371a5/MadeleineCollins_01.jpg?w=400
2022-06-08 19:49:52.289363,Tiff Bell Lightbox,Madeleine Collins,2022-06-10 15:30:00,https://www.tiff.net/calendar/events/madeleine-collins,//images.ctfassets.net/22n7d68fswlw/4IILIIQEP5sn9sZgtyeIOy/ac7b1c67bc15c1bdcda6433b5db371a5/MadeleineCollins_01.jpg?w=400
2022-06-08 19:49:52.292326,Tiff Bell Lightbox,Madeleine Collins,2022-06-10 19:00:00,https://www.tiff.net/calendar/events/madeleine-collins,//images.ctfassets.net/22n7d68fswlw/4IILIIQEP5sn9sZgtyeIOy/ac7b1c67bc15c1bdcda6433b5db371a5/MadeleineCollins_01.jpg?w=400
2022-06-08 19:49:52.295288,Tiff Bell Lightbox,Madeleine Collins,2022-06-10 21:30:00,https://www.tiff.net/calendar/events/madeleine-collins,//images.ctfassets.net/22n7d68fswlw/4IILIIQEP5sn9sZgtyeIOy/ac7b1c67bc15c1bdcda6433b5db371a5/MadeleineCollins_01.jpg?w=400
2022-06-08 19:49:52.298805,Tiff Bell Lightbox,"Meet the Decision Makers, Panel Discussion",2022-06-10 09:00:00,https://www.tiff.net/calendarhttps://www.femaleeyefilmfestival.com/,//images.ctfassets.net/22n7d68fswlw/7iQFPjkfx42VUBRCCXbirQ/1c441bd7d488c935cbff48f8dc7a2d0a/TIFF_LOGO_.jpg?w=400
2022-06-08 19:49:52.302383,Tiff Bell Lightbox,North American Short Comedy Program,2022-06-10 16:00:00,https://www.tiff.net/calendarhttps://www.femaleeyefilmfestival.com/,//images.ctfassets.net/22n7d68fswlw/7iQFPjkfx42VUBRCCXbirQ/1c441bd7d488c935cbff48f8dc7a2d0a/TIFF_LOGO_.jpg?w=400
2022-06-08 19:49:52.305925,Tiff Bell Lightbox,Porto Femme Short Films,2022-06-10 11:30:00,https://www.tiff.net/calendarhttps://www.femaleeyefilmfestival.com/,//images.ctfassets.net/22n7d68fswlw/7iQFPjkfx42VUBRCCXbirQ/1c441bd7d488c935cbff48f8dc7a2d0a/TIFF_LOGO_.jpg?w=400
2022-06-08 19:49:52.309516,Tiff Bell Lightbox,Silver Screenings: Mississippi Masala,2022-06-10 11:00:00,https://www.tiff.net/calendar/events/silver-screenings-mississippi-masala,//images.ctfassets.net/22n7d68fswlw/42wAJTyN0KqwPGFbRZh4zb/1beb6a645b6b2c55e0fc7d295287b63e/SilverScreenings_Banner.jpeg__1_.jpg?w=400
2022-06-08 19:49:52.313125,Tiff Bell Lightbox,"Virtual Production, Panel Discussion",2022-06-10 13:00:00,https://www.tiff.net/calendarhttps://www.femaleeyefilmfestival.com/,//images.ctfassets.net/22n7d68fswlw/7iQFPjkfx42VUBRCCXbirQ/1c441bd7d488c935cbff48f8dc7a2d0a/TIFF_LOGO_.jpg?w=400
2022-06-08 19:49:52.316746,Tiff Bell Lightbox,We’re All In This Together,2022-06-10 18:30:00,https://www.tiff.net/calendarhttps://www.femaleeyefilmfestival.com/,//images.ctfassets.net/22n7d68fswlw/7iQFPjkfx42VUBRCCXbirQ/1c441bd7d488c935cbff48f8dc7a2d0a/TIFF_LOGO_.jpg?w=400
2022-06-08 19:49:52.321617,Tiff Bell Lightbox,"2022 Honorary Director, Best in the Biz Tribute",2022-06-11 13:00:00,https://www.tiff.net/calendarhttps://www.femaleeyefilmfestival.com/,//images.ctfassets.net/22n7d68fswlw/7iQFPjkfx42VUBRCCXbirQ/1c441bd7d488c935cbff48f8dc7a2d0a/TIFF_LOGO_.jpg?w=400
2022-06-08 19:49:52.325331,Tiff Bell Lightbox,Be Still,2022-06-11 18:15:00,https://www.tiff.net/calendarhttps://www.femaleeyefilmfestival.com/,//images.ctfassets.net/22n7d68fswlw/7iQFPjkfx42VUBRCCXbirQ/1c441bd7d488c935cbff48f8dc7a2d0a/TIFF_LOGO_.jpg?w=400
2022-06-08 19:49:52.329056,Tiff Bell Lightbox,Benediction,2022-06-11 15:50:00,https://www.tiff.net/calendar/events/benediction,//images.ctfassets.net/22n7d68fswlw/4yIbFDymJzj6ODSQoN4gAs/69801d1c8cbde5db9a2e17d3152b568b/benediction_still_01.jpg?w=400
2022-06-08 19:49:52.332164,Tiff Bell Lightbox,Benediction,2022-06-11 19:00:00,https://www.tiff.net/calendar/events/benediction,//images.ctfassets.net/22n7d68fswlw/4yIbFDymJzj6ODSQoN4gAs/69801d1c8cbde5db9a2e17d3152b568b/benediction_still_01.jpg?w=400
2022-06-08 19:49:52.335135,Tiff Bell Lightbox,Benediction,2022-06-11 21:50:00,https://www.tiff.net/calendar/events/benediction,//images.ctfassets.net/22n7d68fswlw/4yIbFDymJzj6ODSQoN4gAs/69801d1c8cbde5db9a2e17d3152b568b/benediction_still_01.jpg?w=400
2022-06-08 19:49:52.341467,Tiff Bell Lightbox,Crimes of the Future,2022-06-11 12:05:00,https://www.tiff.net/calendar/events/crimes-of-the-future,//images.ctfassets.net/22n7d68fswlw/569ZxuN4Z5XiyVZx8lGIAf/fb9dda015788578ef0f02a687eb71c8b/Crimes-of-the-Future-536.jpg?w=400
2022-06-08 19:49:52.347640,Tiff Bell Lightbox,Crimes of the Future,2022-06-11 14:35:00,https://www.tiff.net/calendar/events/crimes-of-the-future,//images.ctfassets.net/22n7d68fswlw/569ZxuN4Z5XiyVZx8lGIAf/fb9dda015788578ef0f02a687eb71c8b/Crimes-of-the-Future-536.jpg?w=400
2022-06-08 19:49:52.356390,Tiff Bell Lightbox,Crimes of the Future,2022-06-11 17:05:00,https://www.tiff.net/calendar/events/crimes-of-the-future,//images.ctfassets.net/22n7d68fswlw/569ZxuN4Z5XiyVZx8lGIAf/fb9dda015788578ef0f02a687eb71c8b/Crimes-of-the-Future-536.jpg?w=400
2022-06-08 19:49:52.363669,Tiff Bell Lightbox,Crimes of the Future,2022-06-11 19:35:00,https://www.tiff.net/calendar/events/crimes-of-the-future,//images.ctfassets.net/22n7d68fswlw/569ZxuN4Z5XiyVZx8lGIAf/fb9dda015788578ef0f02a687eb71c8b/Crimes-of-the-Future-536.jpg?w=400
2022-06-08 19:49:52.370410,Tiff Bell Lightbox,Crimes of the Future,2022-06-11 22:15:00,https://www.tiff.net/calendar/events/crimes-of-the-future,//images.ctfassets.net/22n7d68fswlw/569ZxuN4Z5XiyVZx8lGIAf/fb9dda015788578ef0f02a687eb71c8b/Crimes-of-the-Future-536.jpg?w=400
2022-06-08 19:49:52.376120,Tiff Bell Lightbox,Dave,2022-06-11 13:30:00,https://www.tiff.net/calendar/events/dave,//images.ctfassets.net/22n7d68fswlw/5UxN3qX0EwibNhD7FWJlxy/5ec084e3c597985034628744bc0e2698/dave_01.jpg?w=400
2022-06-08 19:49:52.382714,Tiff Bell Lightbox,Independent Miss Craigie,2022-06-11 09:00:00,https://www.tiff.net/calendarhttps://www.femaleeyefilmfestival.com/,//images.ctfassets.net/22n7d68fswlw/7iQFPjkfx42VUBRCCXbirQ/1c441bd7d488c935cbff48f8dc7a2d0a/TIFF_LOGO_.jpg?w=400
2022-06-08 19:49:52.387984,Tiff Bell Lightbox,International Short Film Program,2022-06-11 15:00:00,https://www.tiff.net/calendarhttps://www.femaleeyefilmfestival.com/,//images.ctfassets.net/22n7d68fswlw/7iQFPjkfx42VUBRCCXbirQ/1c441bd7d488c935cbff48f8dc7a2d0a/TIFF_LOGO_.jpg?w=400
2022-06-08 19:49:52.393197,Tiff Bell Lightbox,"Late Night Thrills & Chills, Feature “Stag”",2022-06-11 21:15:00,https://www.tiff.net/calendarhttps://www.femaleeyefilmfestival.com/,//images.ctfassets.net/22n7d68fswlw/7iQFPjkfx42VUBRCCXbirQ/1c441bd7d488c935cbff48f8dc7a2d0a/TIFF_LOGO_.jpg?w=400
2022-06-08 19:49:52.403653,Tiff Bell Lightbox,Madeleine Collins,2022-06-11 13:00:00,https://www.tiff.net/calendar/events/madeleine-collins,//images.ctfassets.net/22n7d68fswlw/4IILIIQEP5sn9sZgtyeIOy/ac7b1c67bc15c1bdcda6433b5db371a5/MadeleineCollins_01.jpg?w=400
2022-06-08 19:49:52.410266,Tiff Bell Lightbox,Madeleine Collins,2022-06-11 15:30:00,https://www.tiff.net/calendar/events/madeleine-collins,//images.ctfassets.net/22n7d68fswlw/4IILIIQEP5sn9sZgtyeIOy/ac7b1c67bc15c1bdcda6433b5db371a5/MadeleineCollins_01.jpg?w=400
2022-06-08 19:49:52.417487,Tiff Bell Lightbox,Madeleine Collins,2022-06-11 19:15:00,https://www.tiff.net/calendar/events/madeleine-collins,//images.ctfassets.net/22n7d68fswlw/4IILIIQEP5sn9sZgtyeIOy/ac7b1c67bc15c1bdcda6433b5db371a5/MadeleineCollins_01.jpg?w=400
2022-06-08 19:49:52.423682,Tiff Bell Lightbox,Madeleine Collins,2022-06-11 21:45:00,https://www.tiff.net/calendar/events/madeleine-collins,//images.ctfassets.net/22n7d68fswlw/4IILIIQEP5sn9sZgtyeIOy/ac7b1c67bc15c1bdcda6433b5db371a5/MadeleineCollins_01.jpg?w=400
2022-06-08 19:49:52.431199,Tiff Bell Lightbox,Meet the Distributors Panel Discussion,2022-06-11 10:00:00,https://www.tiff.net/calendarhttps://www.femaleeyefilmfestival.com/,//images.ctfassets.net/22n7d68fswlw/7iQFPjkfx42VUBRCCXbirQ/1c441bd7d488c935cbff48f8dc7a2d0a/TIFF_LOGO_.jpg?w=400
2022-06-08 19:49:52.438609,Tiff Bell Lightbox,The Kissing Game,2022-06-11 12:00:00,https://www.tiff.net/calendarhttps://www.femaleeyefilmfestival.com/,//images.ctfassets.net/22n7d68fswlw/7iQFPjkfx42VUBRCCXbirQ/1c441bd7d488c935cbff48f8dc7a2d0a/TIFF_LOGO_.jpg?w=400
2022-06-08 19:49:52.445218,Tiff Bell Lightbox,The Wandering Princess,2022-06-11 19:30:00,https://www.tiff.net/calendar/events/the-wandering-princess,//images.ctfassets.net/22n7d68fswlw/3dUL81wgiZLMceDFei64XS/f8ec59c432dbd362f2cee814a1d40c11/wanderingprincess_01.jpg?w=400
2022-06-08 19:49:52.453745,Tiff Bell Lightbox,"A Romantic Guide to Lost Places, Closing Gala",2022-06-12 18:45:00,https://www.tiff.net/calendarhttps://www.femaleeyefilmfestival.com/,//images.ctfassets.net/22n7d68fswlw/7iQFPjkfx42VUBRCCXbirQ/1c441bd7d488c935cbff48f8dc7a2d0a/TIFF_LOGO_.jpg?w=400
2022-06-08 19:49:52.459644,Tiff Bell Lightbox,And Life Goes On,2022-06-12 13:30:00,https://www.tiff.net/calendar/events/and-life-goes-on,//images.ctfassets.net/22n7d68fswlw/38UgYZ3D44z2iEjE6tLJ7W/4944a3cea7a569674ff9c54b7ac61eda/andlifegoeson_01.jpg?w=400
2022-06-08 19:49:52.466038,Tiff Bell Lightbox,Benediction,2022-06-12 13:15:00,https://www.tiff.net/calendar/events/benediction,//images.ctfassets.net/22n7d68fswlw/4yIbFDymJzj6ODSQoN4gAs/69801d1c8cbde5db9a2e17d3152b568b/benediction_still_01.jpg?w=400
2022-06-08 19:49:52.471005,Tiff Bell Lightbox,Benediction,2022-06-12 15:35:00,https://www.tiff.net/calendar/events/benediction,//images.ctfassets.net/22n7d68fswlw/4yIbFDymJzj6ODSQoN4gAs/69801d1c8cbde5db9a2e17d3152b568b/benediction_still_01.jpg?w=400
2022-06-08 19:49:52.475053,Tiff Bell Lightbox,Benediction,2022-06-12 17:00:00,https://www.tiff.net/calendar/events/benediction,//images.ctfassets.net/22n7d68fswlw/4yIbFDymJzj6ODSQoN4gAs/69801d1c8cbde5db9a2e17d3152b568b/benediction_still_01.jpg?w=400
2022-06-08 19:49:52.478789,Tiff Bell Lightbox,Benediction,2022-06-12 20:00:00,https://www.tiff.net/calendar/events/benediction,//images.ctfassets.net/22n7d68fswlw/4yIbFDymJzj6ODSQoN4gAs/69801d1c8cbde5db9a2e17d3152b568b/benediction_still_01.jpg?w=400
2022-06-08 19:49:52.483747,Tiff Bell Lightbox,Crimes of the Future,2022-06-12 12:45:00,https://www.tiff.net/calendar/events/crimes-of-the-future,//images.ctfassets.net/22n7d68fswlw/569ZxuN4Z5XiyVZx8lGIAf/fb9dda015788578ef0f02a687eb71c8b/Crimes-of-the-Future-536.jpg?w=400
2022-06-08 19:49:52.487288,Tiff Bell Lightbox,Crimes of the Future,2022-06-12 15:30:00,https://www.tiff.net/calendar/events/crimes-of-the-future,//images.ctfassets.net/22n7d68fswlw/569ZxuN4Z5XiyVZx8lGIAf/fb9dda015788578ef0f02a687eb71c8b/Crimes-of-the-Future-536.jpg?w=400
2022-06-08 19:49:52.490318,Tiff Bell Lightbox,Crimes of the Future,2022-06-12 18:35:00,https://www.tiff.net/calendar/events/crimes-of-the-future,//images.ctfassets.net/22n7d68fswlw/569ZxuN4Z5XiyVZx8lGIAf/fb9dda015788578ef0f02a687eb71c8b/Crimes-of-the-Future-536.jpg?w=400
2022-06-08 19:49:52.493331,Tiff Bell Lightbox,Crimes of the Future,2022-06-12 21:15:00,https://www.tiff.net/calendar/events/crimes-of-the-future,//images.ctfassets.net/22n7d68fswlw/569ZxuN4Z5XiyVZx8lGIAf/fb9dda015788578ef0f02a687eb71c8b/Crimes-of-the-Future-536.jpg?w=400
2022-06-08 19:49:52.496888,Tiff Bell Lightbox,Forbidden Womanhood,2022-06-12 15:15:00,https://www.tiff.net/calendarhttps://www.femaleeyefilmfestival.com/,//images.ctfassets.net/22n7d68fswlw/7iQFPjkfx42VUBRCCXbirQ/1c441bd7d488c935cbff48f8dc7a2d0a/TIFF_LOGO_.jpg?w=400
2022-06-08 19:49:52.501110,Tiff Bell Lightbox,Madeleine Collins,2022-06-12 13:00:00,https://www.tiff.net/calendar/events/madeleine-collins,//images.ctfassets.net/22n7d68fswlw/4IILIIQEP5sn9sZgtyeIOy/ac7b1c67bc15c1bdcda6433b5db371a5/MadeleineCollins_01.jpg?w=400
2022-06-08 19:49:52.504874,Tiff Bell Lightbox,Madeleine Collins,2022-06-12 15:30:00,https://www.tiff.net/calendar/events/madeleine-collins,//images.ctfassets.net/22n7d68fswlw/4IILIIQEP5sn9sZgtyeIOy/ac7b1c67bc15c1bdcda6433b5db371a5/MadeleineCollins_01.jpg?w=400
2022-06-08 19:49:52.508108,Tiff Bell Lightbox,Madeleine Collins,2022-06-12 18:30:00,https://www.tiff.net/calendar/events/madeleine-collins,//images.ctfassets.net/22n7d68fswlw/4IILIIQEP5sn9sZgtyeIOy/ac7b1c67bc15c1bdcda6433b5db371a5/MadeleineCollins_01.jpg?w=400
2022-06-08 19:49:52.511117,Tiff Bell Lightbox,Madeleine Collins,2022-06-12 20:55:00,https://www.tiff.net/calendar/events/madeleine-collins,//images.ctfassets.net/22n7d68fswlw/4IILIIQEP5sn9sZgtyeIOy/ac7b1c67bc15c1bdcda6433b5db371a5/MadeleineCollins_01.jpg?w=400
2022-06-08 19:49:52.514630,Tiff Bell Lightbox,Moonlight Shadow Wall,2022-06-12 12:15:00,https://www.tiff.net/calendarhttps://www.femaleeyefilmfestival.com/,//images.ctfassets.net/22n7d68fswlw/7iQFPjkfx42VUBRCCXbirQ/1c441bd7d488c935cbff48f8dc7a2d0a/TIFF_LOGO_.jpg?w=400
2022-06-08 19:49:52.518184,Tiff Bell Lightbox,"Pure Grit, Indigenous Documentary",2022-06-12 09:00:00,https://www.tiff.net/calendarhttps://www.femaleeyefilmfestival.com/,//images.ctfassets.net/22n7d68fswlw/7iQFPjkfx42VUBRCCXbirQ/1c441bd7d488c935cbff48f8dc7a2d0a/TIFF_LOGO_.jpg?w=400
2022-06-08 19:49:52.521731,Tiff Bell Lightbox,Silent Running,2022-06-12 19:30:00,https://www.tiff.net/calendar/events/silent-running,//images.ctfassets.net/22n7d68fswlw/1O3TKjr4Da6uaWSk2yGcC2/9b254f748ce87759e125a07d87d42044/Silent_Running.JPG?w=400
2022-06-08 19:49:52.525789,Tiff Bell Lightbox,Benediction,2022-06-14 19:00:00,https://www.tiff.net/calendar/events/benediction,//images.ctfassets.net/22n7d68fswlw/4yIbFDymJzj6ODSQoN4gAs/69801d1c8cbde5db9a2e17d3152b568b/benediction_still_01.jpg?w=400
2022-06-08 19:49:52.529460,Tiff Bell Lightbox,Crimes of the Future,2022-06-14 20:00:00,https://www.tiff.net/calendar/events/crimes-of-the-future,//images.ctfassets.net/22n7d68fswlw/569ZxuN4Z5XiyVZx8lGIAf/fb9dda015788578ef0f02a687eb71c8b/Crimes-of-the-Future-536.jpg?w=400
2022-06-08 19:49:52.533313,Tiff Bell Lightbox,Madeleine Collins,2022-06-14 18:30:00,https://www.tiff.net/calendar/events/madeleine-collins,//images.ctfassets.net/22n7d68fswlw/4IILIIQEP5sn9sZgtyeIOy/ac7b1c67bc15c1bdcda6433b5db371a5/MadeleineCollins_01.jpg?w=400
2022-06-08 19:49:52.537072,Tiff Bell Lightbox,Waking the Giants: The Art of Sean Couchie,2022-06-14 15:00:00,https://www.tiff.net/calendar/events/waking-the-giants-the-art-of-sean-couchie,//images.ctfassets.net/22n7d68fswlw/6Wfgyx0KsSPSQoFfvUPPUz/c886af909d1a6080dd5a28ee9f46e406/birds.jpg?w=400
2022-06-08 19:49:52.542443,Tiff Bell Lightbox,Benediction,2022-06-15 13:30:00,https://www.tiff.net/calendar/events/benediction,//images.ctfassets.net/22n7d68fswlw/4yIbFDymJzj6ODSQoN4gAs/69801d1c8cbde5db9a2e17d3152b568b/benediction_still_01.jpg?w=400
2022-06-08 19:49:52.547957,Tiff Bell Lightbox,Benediction,2022-06-15 15:15:00,https://www.tiff.net/calendar/events/benediction,//images.ctfassets.net/22n7d68fswlw/4yIbFDymJzj6ODSQoN4gAs/69801d1c8cbde5db9a2e17d3152b568b/benediction_still_01.jpg?w=400
2022-06-08 19:49:52.553595,Tiff Bell Lightbox,Benediction,2022-06-15 19:30:00,https://www.tiff.net/calendar/events/benediction,//images.ctfassets.net/22n7d68fswlw/4yIbFDymJzj6ODSQoN4gAs/69801d1c8cbde5db9a2e17d3152b568b/benediction_still_01.jpg?w=400
2022-06-08 19:49:52.558126,Tiff Bell Lightbox,Benediction,2022-06-15 20:30:00,https://www.tiff.net/calendar/events/benediction,//images.ctfassets.net/22n7d68fswlw/4yIbFDymJzj6ODSQoN4gAs/69801d1c8cbde5db9a2e17d3152b568b/benediction_still_01.jpg?w=400
2022-06-08 19:49:52.566960,Tiff Bell Lightbox,Crimes of the Future,2022-06-15 12:45:00,https://www.tiff.net/calendar/events/crimes-of-the-future,//images.ctfassets.net/22n7d68fswlw/569ZxuN4Z5XiyVZx8lGIAf/fb9dda015788578ef0f02a687eb71c8b/Crimes-of-the-Future-536.jpg?w=400
2022-06-08 19:49:52.571979,Tiff Bell Lightbox,Crimes of the Future,2022-06-15 14:00:00,https://www.tiff.net/calendar/events/crimes-of-the-future,//images.ctfassets.net/22n7d68fswlw/569ZxuN4Z5XiyVZx8lGIAf/fb9dda015788578ef0f02a687eb71c8b/Crimes-of-the-Future-536.jpg?w=400
2022-06-08 19:49:52.576304,Tiff Bell Lightbox,Crimes of the Future,2022-06-15 16:30:00,https://www.tiff.net/calendar/events/crimes-of-the-future,//images.ctfassets.net/22n7d68fswlw/569ZxuN4Z5XiyVZx8lGIAf/fb9dda015788578ef0f02a687eb71c8b/Crimes-of-the-Future-536.jpg?w=400
2022-06-08 19:49:52.580795,Tiff Bell Lightbox,Crimes of the Future,2022-06-15 19:15:00,https://www.tiff.net/calendar/events/crimes-of-the-future,//images.ctfassets.net/22n7d68fswlw/569ZxuN4Z5XiyVZx8lGIAf/fb9dda015788578ef0f02a687eb71c8b/Crimes-of-the-Future-536.jpg?w=400
2022-06-08 19:49:52.585941,Tiff Bell Lightbox,Crimes of the Future,2022-06-15 21:45:00,https://www.tiff.net/calendar/events/crimes-of-the-future,//images.ctfassets.net/22n7d68fswlw/569ZxuN4Z5XiyVZx8lGIAf/fb9dda015788578ef0f02a687eb71c8b/Crimes-of-the-Future-536.jpg?w=400
2022-06-08 19:49:52.594032,Tiff Bell Lightbox,Madeleine Collins,2022-06-15 13:00:00,https://www.tiff.net/calendar/events/madeleine-collins,//images.ctfassets.net/22n7d68fswlw/4IILIIQEP5sn9sZgtyeIOy/ac7b1c67bc15c1bdcda6433b5db371a5/MadeleineCollins_01.jpg?w=400
2022-06-08 19:49:52.601410,Tiff Bell Lightbox,Madeleine Collins,2022-06-15 15:30:00,https://www.tiff.net/calendar/events/madeleine-collins,//images.ctfassets.net/22n7d68fswlw/4IILIIQEP5sn9sZgtyeIOy/ac7b1c67bc15c1bdcda6433b5db371a5/MadeleineCollins_01.jpg?w=400
2022-06-08 19:49:52.607253,Tiff Bell Lightbox,Madeleine Collins,2022-06-15 19:10:00,https://www.tiff.net/calendar/events/madeleine-collins,//images.ctfassets.net/22n7d68fswlw/4IILIIQEP5sn9sZgtyeIOy/ac7b1c67bc15c1bdcda6433b5db371a5/MadeleineCollins_01.jpg?w=400
2022-06-08 19:49:52.614072,Tiff Bell Lightbox,Madeleine Collins,2022-06-15 21:35:00,https://www.tiff.net/calendar/events/madeleine-collins,//images.ctfassets.net/22n7d68fswlw/4IILIIQEP5sn9sZgtyeIOy/ac7b1c67bc15c1bdcda6433b5db371a5/MadeleineCollins_01.jpg?w=400
2022-06-08 19:49:52.621160,Tiff Bell Lightbox,TIFF Advance Screening: Cha Cha Real Smooth,2022-06-15 19:00:00,https://www.tiff.net/calendar/events/tiff-advance-screening-cha-cha-real-smooth,//images.ctfassets.net/22n7d68fswlw/3t7jCTPAMzG5NHt2HM7ZNF/4c687dfc984088b3104f5cc5425c74ca/ChaChaRealSmooth_01.jpg?w=400
2022-06-08 19:49:52.628942,Tiff Bell Lightbox,Waking the Giants: The Art of Sean Couchie,2022-06-15 10:00:00,https://www.tiff.net/calendar/events/waking-the-giants-the-art-of-sean-couchie,//images.ctfassets.net/22n7d68fswlw/6Wfgyx0KsSPSQoFfvUPPUz/c886af909d1a6080dd5a28ee9f46e406/birds.jpg?w=400
2022-06-08 19:49:52.639202,Tiff Bell Lightbox,Benediction,2022-06-16 12:45:00,https://www.tiff.net/calendar/events/benediction,//images.ctfassets.net/22n7d68fswlw/4yIbFDymJzj6ODSQoN4gAs/69801d1c8cbde5db9a2e17d3152b568b/benediction_still_01.jpg?w=400
2022-06-08 19:49:52.645525,Tiff Bell Lightbox,Benediction,2022-06-16 14:00:00,https://www.tiff.net/calendar/events/benediction,//images.ctfassets.net/22n7d68fswlw/4yIbFDymJzj6ODSQoN4gAs/69801d1c8cbde5db9a2e17d3152b568b/benediction_still_01.jpg?w=400
2022-06-08 19:49:52.651442,Tiff Bell Lightbox,Benediction,2022-06-16 17:00:00,https://www.tiff.net/calendar/events/benediction,//images.ctfassets.net/22n7d68fswlw/4yIbFDymJzj6ODSQoN4gAs/69801d1c8cbde5db9a2e17d3152b568b/benediction_still_01.jpg?w=400
2022-06-08 19:49:52.656566,Tiff Bell Lightbox,Benediction,2022-06-16 20:00:00,https://www.tiff.net/calendar/events/benediction,//images.ctfassets.net/22n7d68fswlw/4yIbFDymJzj6ODSQoN4gAs/69801d1c8cbde5db9a2e17d3152b568b/benediction_still_01.jpg?w=400
2022-06-08 19:49:52.663278,Tiff Bell Lightbox,Crimes of the Future,2022-06-16 13:00:00,https://www.tiff.net/calendar/events/crimes-of-the-future,//images.ctfassets.net/22n7d68fswlw/569ZxuN4Z5XiyVZx8lGIAf/fb9dda015788578ef0f02a687eb71c8b/Crimes-of-the-Future-536.jpg?w=400
2022-06-08 19:49:52.668526,Tiff Bell Lightbox,Crimes of the Future,2022-06-16 15:30:00,https://www.tiff.net/calendar/events/crimes-of-the-future,//images.ctfassets.net/22n7d68fswlw/569ZxuN4Z5XiyVZx8lGIAf/fb9dda015788578ef0f02a687eb71c8b/Crimes-of-the-Future-536.jpg?w=400
2022-06-08 19:49:52.673326,Tiff Bell Lightbox,Crimes of the Future,2022-06-16 18:30:00,https://www.tiff.net/calendar/events/crimes-of-the-future,//images.ctfassets.net/22n7d68fswlw/569ZxuN4Z5XiyVZx8lGIAf/fb9dda015788578ef0f02a687eb71c8b/Crimes-of-the-Future-536.jpg?w=400
2022-06-08 19:49:52.678189,Tiff Bell Lightbox,Crimes of the Future,2022-06-16 19:30:00,https://www.tiff.net/calendar/events/crimes-of-the-future,//images.ctfassets.net/22n7d68fswlw/569ZxuN4Z5XiyVZx8lGIAf/fb9dda015788578ef0f02a687eb71c8b/Crimes-of-the-Future-536.jpg?w=400
2022-06-08 19:49:52.683646,Tiff Bell Lightbox,Crimes of the Future,2022-06-16 21:45:00,https://www.tiff.net/calendar/events/crimes-of-the-future,//images.ctfassets.net/22n7d68fswlw/569ZxuN4Z5XiyVZx8lGIAf/fb9dda015788578ef0f02a687eb71c8b/Crimes-of-the-Future-536.jpg?w=400
2022-06-08 19:49:52.689381,Tiff Bell Lightbox,Friends and Strangers preceded by Ikebana,2022-06-16 18:15:00,https://www.tiff.net/calendar/events/friends-and-strangers-preceded-by-ikebana,//images.ctfassets.net/22n7d68fswlw/6xE32A1xF73M6fLIVuH3sZ/e1018442abe4ed068fdcff49ec7a31f8/friendsandstrangers_01.jpg?w=400
2022-06-08 19:49:52.695741,Tiff Bell Lightbox,Madeleine Collins,2022-06-16 13:30:00,https://www.tiff.net/calendar/events/madeleine-collins,//images.ctfassets.net/22n7d68fswlw/4IILIIQEP5sn9sZgtyeIOy/ac7b1c67bc15c1bdcda6433b5db371a5/MadeleineCollins_01.jpg?w=400
2022-06-08 19:49:52.700918,Tiff Bell Lightbox,Madeleine Collins,2022-06-16 15:55:00,https://www.tiff.net/calendar/events/madeleine-collins,//images.ctfassets.net/22n7d68fswlw/4IILIIQEP5sn9sZgtyeIOy/ac7b1c67bc15c1bdcda6433b5db371a5/MadeleineCollins_01.jpg?w=400
2022-06-08 19:49:52.705875,Tiff Bell Lightbox,Madeleine Collins,2022-06-16 19:00:00,https://www.tiff.net/calendar/events/madeleine-collins,//images.ctfassets.net/22n7d68fswlw/4IILIIQEP5sn9sZgtyeIOy/ac7b1c67bc15c1bdcda6433b5db371a5/MadeleineCollins_01.jpg?w=400
2022-06-08 19:49:52.710830,Tiff Bell Lightbox,Madeleine Collins,2022-06-16 21:30:00,https://www.tiff.net/calendar/events/madeleine-collins,//images.ctfassets.net/22n7d68fswlw/4IILIIQEP5sn9sZgtyeIOy/ac7b1c67bc15c1bdcda6433b5db371a5/MadeleineCollins_01.jpg?w=400
2022-06-08 19:49:52.716500,Tiff Bell Lightbox,Waking the Giants: The Art of Sean Couchie,2022-06-16 10:00:00,https://www.tiff.net/calendar/events/waking-the-giants-the-art-of-sean-couchie,//images.ctfassets.net/22n7d68fswlw/6Wfgyx0KsSPSQoFfvUPPUz/c886af909d1a6080dd5a28ee9f46e406/birds.jpg?w=400
2022-06-08 19:49:52.723008,Tiff Bell Lightbox,A Knight's Tale,2022-06-17 18:15:00,https://www.tiff.net/calendar/events/a-knights-tale,//images.ctfassets.net/22n7d68fswlw/4QfCy7zPtFIUTFwt1eaOky/a78f5e6e0df725a820204ff0a9727470/knightstale_02.jpg?w=400
2022-06-08 19:49:52.729635,Tiff Bell Lightbox,Montana Story,2022-06-17 13:00:00,https://www.tiff.net/calendar/events/montana-story,//images.ctfassets.net/22n7d68fswlw/1sqkb1GQQhGdFuXfxRO0c3/f53b6a27aa9ac12644ccfd125e16229e/montana_story_01.jpg?w=400
2022-06-08 19:49:52.735053,Tiff Bell Lightbox,Montana Story,2022-06-17 15:30:00,https://www.tiff.net/calendar/events/montana-story,//images.ctfassets.net/22n7d68fswlw/1sqkb1GQQhGdFuXfxRO0c3/f53b6a27aa9ac12644ccfd125e16229e/montana_story_01.jpg?w=400
2022-06-08 19:49:52.738422,Tiff Bell Lightbox,Montana Story,2022-06-17 19:05:00,https://www.tiff.net/calendar/events/montana-story,//images.ctfassets.net/22n7d68fswlw/1sqkb1GQQhGdFuXfxRO0c3/f53b6a27aa9ac12644ccfd125e16229e/montana_story_01.jpg?w=400
2022-06-08 19:49:52.741559,Tiff Bell Lightbox,Montana Story,2022-06-17 21:45:00,https://www.tiff.net/calendar/events/montana-story,//images.ctfassets.net/22n7d68fswlw/1sqkb1GQQhGdFuXfxRO0c3/f53b6a27aa9ac12644ccfd125e16229e/montana_story_01.jpg?w=400
2022-06-08 19:49:52.747102,Tiff Bell Lightbox,Waking the Giants: The Art of Sean Couchie,2022-06-17 10:00:00,https://www.tiff.net/calendar/events/waking-the-giants-the-art-of-sean-couchie,//images.ctfassets.net/22n7d68fswlw/6Wfgyx0KsSPSQoFfvUPPUz/c886af909d1a6080dd5a28ee9f46e406/birds.jpg?w=400
2022-06-08 19:49:52.753868,Tiff Bell Lightbox,Certain Women,2022-06-18 13:30:00,https://www.tiff.net/calendar/events/certain-women,//images.ctfassets.net/22n7d68fswlw/3BWigFo9hSlo7ESgiVjU7f/1b54549ee74686aaadedfdd523e98b6f/certainwomen_06.jpg?w=400
2022-06-08 19:49:52.760227,Tiff Bell Lightbox,Montana Story,2022-06-18 13:00:00,https://www.tiff.net/calendar/events/montana-story,//images.ctfassets.net/22n7d68fswlw/1sqkb1GQQhGdFuXfxRO0c3/f53b6a27aa9ac12644ccfd125e16229e/montana_story_01.jpg?w=400
2022-06-08 19:49:52.765878,Tiff Bell Lightbox,Montana Story,2022-06-18 15:35:00,https://www.tiff.net/calendar/events/montana-story,//images.ctfassets.net/22n7d68fswlw/1sqkb1GQQhGdFuXfxRO0c3/f53b6a27aa9ac12644ccfd125e16229e/montana_story_01.jpg?w=400
2022-06-08 19:49:52.770807,Tiff Bell Lightbox,Montana Story,2022-06-18 19:00:00,https://www.tiff.net/calendar/events/montana-story,//images.ctfassets.net/22n7d68fswlw/1sqkb1GQQhGdFuXfxRO0c3/f53b6a27aa9ac12644ccfd125e16229e/montana_story_01.jpg?w=400
2022-06-08 19:49:52.776493,Tiff Bell Lightbox,Shortbus with Sook-Yin Lee,2022-06-18 19:30:00,https://www.tiff.net/calendar/events/shortbus-with-sook-yin-lee,//images.ctfassets.net/22n7d68fswlw/5HUxL8gl9Gtoe5NNYMeFjq/646abae42fffc20a735c15bdbd8047a8/SHORTBUS_1.jpg?w=400
2022-06-08 19:49:52.783461,Tiff Bell Lightbox,Waking the Giants: The Art of Sean Couchie,2022-06-18 10:00:00,https://www.tiff.net/calendar/events/waking-the-giants-the-art-of-sean-couchie,//images.ctfassets.net/22n7d68fswlw/6Wfgyx0KsSPSQoFfvUPPUz/c886af909d1a6080dd5a28ee9f46e406/birds.jpg?w=400
2022-06-08 19:49:52.791043,Tiff Bell Lightbox,Girls of the Night,2022-06-19 19:30:00,https://www.tiff.net/calendar/events/the-girls-of-night,//images.ctfassets.net/22n7d68fswlw/5ApddmfAH3ec22EVyimF5K/ade2b359b64fd7172f543703736e5cfb/girlsofthenight_01.jpg?w=400
2022-06-08 19:49:52.797169,Tiff Bell Lightbox,Montana Story,2022-06-19 12:45:00,https://www.tiff.net/calendar/events/montana-story,//images.ctfassets.net/22n7d68fswlw/1sqkb1GQQhGdFuXfxRO0c3/f53b6a27aa9ac12644ccfd125e16229e/montana_story_01.jpg?w=400
2022-06-08 19:49:52.803641,Tiff Bell Lightbox,Montana Story,2022-06-19 15:30:00,https://www.tiff.net/calendar/events/montana-story,//images.ctfassets.net/22n7d68fswlw/1sqkb1GQQhGdFuXfxRO0c3/f53b6a27aa9ac12644ccfd125e16229e/montana_story_01.jpg?w=400
2022-06-08 19:49:52.808438,Tiff Bell Lightbox,Montana Story,2022-06-19 18:30:00,https://www.tiff.net/calendar/events/montana-story,//images.ctfassets.net/22n7d68fswlw/1sqkb1GQQhGdFuXfxRO0c3/f53b6a27aa9ac12644ccfd125e16229e/montana_story_01.jpg?w=400
2022-06-08 19:49:52.813983,Tiff Bell Lightbox,Montana Story,2022-06-19 21:15:00,https://www.tiff.net/calendar/events/montana-story,//images.ctfassets.net/22n7d68fswlw/1sqkb1GQQhGdFuXfxRO0c3/f53b6a27aa9ac12644ccfd125e16229e/montana_story_01.jpg?w=400
2022-06-08 19:49:52.821947,Tiff Bell Lightbox,My Blueberry Nights,2022-06-19 13:30:00,https://www.tiff.net/calendar/events/my-blueberry-nights,//images.ctfassets.net/22n7d68fswlw/10E6iDjbMhoghbLYHpiRNd/76e3d4b2e7b320c32145fdf73329f853/David_Strathairn_2.jpg?w=400
2022-06-08 19:49:52.827849,Tiff Bell Lightbox,Waking the Giants: The Art of Sean Couchie,2022-06-19 10:00:00,https://www.tiff.net/calendar/events/waking-the-giants-the-art-of-sean-couchie,//images.ctfassets.net/22n7d68fswlw/6Wfgyx0KsSPSQoFfvUPPUz/c886af909d1a6080dd5a28ee9f46e406/birds.jpg?w=400
2022-06-08 19:49:52.835683,Tiff Bell Lightbox,Adam Beach on Smoke Signals,2022-06-21 19:00:00,https://www.tiff.net/calendar/events/adam-beach-on-smoke-signals,//images.ctfassets.net/22n7d68fswlw/2jQa3A18YBaklDPBeNwKXd/bfd12e7bbf987e706ea13090e8c38155/smokesignals_01.jpg?w=400
2022-06-08 19:49:52.840932,Tiff Bell Lightbox,Montana Story,2022-06-21 20:00:00,https://www.tiff.net/calendar/events/montana-story,//images.ctfassets.net/22n7d68fswlw/1sqkb1GQQhGdFuXfxRO0c3/f53b6a27aa9ac12644ccfd125e16229e/montana_story_01.jpg?w=400
2022-06-08 19:49:52.846693,Tiff Bell Lightbox,Waking the Giants: The Art of Sean Couchie,2022-06-21 15:00:00,https://www.tiff.net/calendar/events/waking-the-giants-the-art-of-sean-couchie,//images.ctfassets.net/22n7d68fswlw/6Wfgyx0KsSPSQoFfvUPPUz/c886af909d1a6080dd5a28ee9f46e406/birds.jpg?w=400
2022-06-08 19:49:52.853490,Tiff Bell Lightbox,Montana Story,2022-06-22 13:00:00,https://www.tiff.net/calendar/events/montana-story,//images.ctfassets.net/22n7d68fswlw/1sqkb1GQQhGdFuXfxRO0c3/f53b6a27aa9ac12644ccfd125e16229e/montana_story_01.jpg?w=400
2022-06-08 19:49:52.857521,Tiff Bell Lightbox,Montana Story,2022-06-22 15:35:00,https://www.tiff.net/calendar/events/montana-story,//images.ctfassets.net/22n7d68fswlw/1sqkb1GQQhGdFuXfxRO0c3/f53b6a27aa9ac12644ccfd125e16229e/montana_story_01.jpg?w=400
2022-06-08 19:49:52.861395,Tiff Bell Lightbox,Montana Story,2022-06-22 18:30:00,https://www.tiff.net/calendar/events/montana-story,//images.ctfassets.net/22n7d68fswlw/1sqkb1GQQhGdFuXfxRO0c3/f53b6a27aa9ac12644ccfd125e16229e/montana_story_01.jpg?w=400
2022-06-08 19:49:52.865400,Tiff Bell Lightbox,Montana Story,2022-06-22 21:15:00,https://www.tiff.net/calendar/events/montana-story,//images.ctfassets.net/22n7d68fswlw/1sqkb1GQQhGdFuXfxRO0c3/f53b6a27aa9ac12644ccfd125e16229e/montana_story_01.jpg?w=400
2022-06-08 19:49:52.869672,Tiff Bell Lightbox,Waking the Giants: The Art of Sean Couchie,2022-06-22 10:00:00,https://www.tiff.net/calendar/events/waking-the-giants-the-art-of-sean-couchie,//images.ctfassets.net/22n7d68fswlw/6Wfgyx0KsSPSQoFfvUPPUz/c886af909d1a6080dd5a28ee9f46e406/birds.jpg?w=400
2022-06-08 19:49:52.875212,Tiff Bell Lightbox,Montana Story,2022-06-23 13:00:00,https://www.tiff.net/calendar/events/montana-story,//images.ctfassets.net/22n7d68fswlw/1sqkb1GQQhGdFuXfxRO0c3/f53b6a27aa9ac12644ccfd125e16229e/montana_story_01.jpg?w=400
2022-06-08 19:49:52.879017,Tiff Bell Lightbox,Montana Story,2022-06-23 15:35:00,https://www.tiff.net/calendar/events/montana-story,//images.ctfassets.net/22n7d68fswlw/1sqkb1GQQhGdFuXfxRO0c3/f53b6a27aa9ac12644ccfd125e16229e/montana_story_01.jpg?w=400
2022-06-08 19:49:52.882208,Tiff Bell Lightbox,Montana Story,2022-06-23 19:00:00,https://www.tiff.net/calendar/events/montana-story,//images.ctfassets.net/22n7d68fswlw/1sqkb1GQQhGdFuXfxRO0c3/f53b6a27aa9ac12644ccfd125e16229e/montana_story_01.jpg?w=400
2022-06-08 19:49:52.885219,Tiff Bell Lightbox,Montana Story,2022-06-23 21:35:00,https://www.tiff.net/calendar/events/montana-story,//images.ctfassets.net/22n7d68fswlw/1sqkb1GQQhGdFuXfxRO0c3/f53b6a27aa9ac12644ccfd125e16229e/montana_story_01.jpg?w=400
2022-06-08 19:49:52.888748,Tiff Bell Lightbox,Through the Olive Trees,2022-06-23 18:15:00,https://www.tiff.net/calendar/events/through-the-olive-trees,//images.ctfassets.net/22n7d68fswlw/3sO6IM8KQqAk8IwzcQJb2i/74c9f8bc1acbc588b21dd8fcb596d6cd/throughtheolivetress_01.jpg?w=400
2022-06-08 19:49:52.892345,Tiff Bell Lightbox,Waking the Giants: The Art of Sean Couchie,2022-06-23 10:00:00,https://www.tiff.net/calendar/events/waking-the-giants-the-art-of-sean-couchie,//images.ctfassets.net/22n7d68fswlw/6Wfgyx0KsSPSQoFfvUPPUz/c886af909d1a6080dd5a28ee9f46e406/birds.jpg?w=400
2022-06-08 19:49:52.896248,Tiff Bell Lightbox,Love Under the Crucifix,2022-06-24 18:15:00,https://www.tiff.net/calendar/events/love-under-the-crucifix,//images.ctfassets.net/22n7d68fswlw/7pEgZ5km1LcKAExka3Zc2S/4c449a0671db3373410cb23441a8fdd9/loveunderthecrucifix_01.jpg?w=400
2022-06-08 19:49:52.899906,Tiff Bell Lightbox,Waking the Giants: The Art of Sean Couchie,2022-06-24 10:00:00,https://www.tiff.net/calendar/events/waking-the-giants-the-art-of-sean-couchie,//images.ctfassets.net/22n7d68fswlw/6Wfgyx0KsSPSQoFfvUPPUz/c886af909d1a6080dd5a28ee9f46e406/birds.jpg?w=400
2022-06-08 19:49:52.903840,Tiff Bell Lightbox,Freaked preceded by Squeal of Death with Tom Stern,2022-06-25 21:15:00,https://www.tiff.net/calendar/events/freaked-preceded-by-squeal-of-death,//images.ctfassets.net/22n7d68fswlw/6CSyTC6V1kpVOXa4Tf6mIl/6104396cdce06f992439c8675d870e41/FREAKED.jpeg?w=400
2022-06-08 19:49:52.907481,Tiff Bell Lightbox,Infinite Points On A Circle,2022-06-25 15:00:00,https://www.tiff.net/calendar/events/infinite-points-on-a-circle,//images.ctfassets.net/22n7d68fswlw/7BIQY5LOLmyIdNbecNbPoB/a7ea696514f4a513dadc0d10fcbb4afa/woman-dress.jpg?w=400
2022-06-08 19:49:52.911129,Tiff Bell Lightbox,Waking the Giants: The Art of Sean Couchie,2022-06-25 10:00:00,https://www.tiff.net/calendar/events/waking-the-giants-the-art-of-sean-couchie,//images.ctfassets.net/22n7d68fswlw/6Wfgyx0KsSPSQoFfvUPPUz/c886af909d1a6080dd5a28ee9f46e406/birds.jpg?w=400
2022-06-08 19:49:52.915176,Tiff Bell Lightbox,Close-up,2022-06-26 19:30:00,https://www.tiff.net/calendar/events/close-up,//images.ctfassets.net/22n7d68fswlw/6ZhcR9JE1DLFvWGeAmRtoA/2900f97e7d60a0937d8290ccd49c9005/close-up_01.jpg?w=400
2022-06-08 19:49:52.919193,Tiff Bell Lightbox,Waking the Giants: The Art of Sean Couchie,2022-06-26 10:00:00,https://www.tiff.net/calendar/events/waking-the-giants-the-art-of-sean-couchie,//images.ctfassets.net/22n7d68fswlw/6Wfgyx0KsSPSQoFfvUPPUz/c886af909d1a6080dd5a28ee9f46e406/birds.jpg?w=400
2022-06-08 19:49:52.922997,Tiff Bell Lightbox,Close-up,2022-06-29 18:00:00,https://www.tiff.net/calendar/events/close-up,//images.ctfassets.net/22n7d68fswlw/6ZhcR9JE1DLFvWGeAmRtoA/2900f97e7d60a0937d8290ccd49c9005/close-up_01.jpg?w=400
2022-06-08 19:49:52.926910,Tiff Bell Lightbox,Heat,2022-06-30 18:15:00,https://www.tiff.net/calendar/events/heat,//images.ctfassets.net/22n7d68fswlw/5xEXD5JjTvxtEAHa8agkeF/db1a2a9d873cf1f9c987f8dffe8e4763/heat_01.jpg?w=400
2022-06-08 19:49:52.930998,Tiff Bell Lightbox,Évelyne de la Chenelière on Monsieur Lazhar,2022-07-05 19:00:00,https://www.tiff.net/calendar/events/evelyne-de-la-chenelire-on-monsieur-lazhar,//images.ctfassets.net/22n7d68fswlw/579pnmu4vc11C5S2r81GaS/fd227843985a734334758633e3327e3f/monsieurlazhar_01.jpg?w=400
